Position X,Position Y,Position Z,Orientation Roll,Orientation Pitch,Orientation Yaw,Initial Z,Final Z,Delta Z,Success,Predicted Success
0.1615397322317251,0.002468794365776,0.5784932013384373,0.1641665658624563,0.940635034404721,-3.126310950759576,0.3883201840105966,0.0599879675244154,-0.3283322164861811,0,0
-0.0845922367193578,0.1684329584099825,0.5815972707087854,-0.3812690084206818,0.8588018697146345,-1.10536558885014,0.4038375729733693,0.4032303670606435,-0.0006072059127258,0,0
-0.0964559993828101,-0.1477213978615331,0.6244144682296167,-0.3168127034854418,0.7830166747765762,0.9923438572760462,0.4042499244794486,0.052826701320999,-0.3514232231584495,0,0
0.1947102203876765,0.0283833152268789,0.6352926197873192,0.1433975044303224,0.6969356257456436,-2.9968401265807376,0.4028652007194986,0.4000559398074538,-0.0028092609120447,0,0
0.1515929578564947,0.1077970407032627,0.6678318251936425,-0.3278292731299354,0.6177608805537429,-2.5234589249560613,0.4034291016473162,0.1905390267948944,-0.2128900748524218,0,0
0.0516379621653103,0.1375309649367736,0.6079814090827846,0.0813875355044905,0.9177268646251866,-1.929973958592594,0.9415083228927764,0.0596251751175523,-0.8818831477752239,0,0
-0.0526942845484161,0.1621064465702479,0.60348059915999,0.3164462705272052,0.8563018228924042,-1.25651036700565,0.3999827178190731,0.0599776710816264,-0.3400050467374466,0,0
-0.1333861229855278,0.1130616487258629,0.6548301847261151,-0.255754137363511,0.6928996243693598,-0.7031146679874984,0.4040916079664382,0.0599716241177583,-0.3441199838486799,0,0
-0.1663272180556562,-0.0242227827171091,0.6039945070953879,0.215709884195089,0.8619434066805628,0.1446166312135566,0.3971229257132317,0.0599805846467123,-0.3371423410665194,0,0
0.1888700480670764,0.0,0.4,1.5707963267948966,0.3101079017427718,-1.5707963267948966,0.3994055190778596,0.0599786844358395,-0.3394268346420201,0,0
1.0570040440742964e-17,0.172621860410728,0.4,1.5707963275842325,-0.0994314983171394,-1.58638957921199e-08,0.398636608365281,0.0598173975406404,-0.3388192108246405,0,1
-0.1626422034101946,1.9917925381256765e-17,0.4,1.5707963267948966,0.1190026953918455,1.5707963267948966,0.4020466001327119,0.0597502214817256,-0.3422963786509862,0,1
-3.453403512729871e-17,-0.1879945311651906,0.4,1.5707964108467476,0.0475275123835994,3.141592642412947,0.4014338723051935,0.0594764251750185,-0.341957447130175,0,0
0.1738930258598689,0.0,0.4,1.5707962351247593,-0.1190384290310074,-1.5707962914771216,0.3987911472706447,0.6466888150377005,0.2478976677670558,1,1
-0.0940442102827055,0.1628893503673375,0.4,1.5707964375872672,0.2622962869887468,0.5235987826245647,0.4013130447301402,0.0394629130011503,-0.3618501317289899,0,0
-0.0908159806000616,-0.157297892538496,0.4,1.5707964212718268,0.0428169158521783,2.617993770379342,0.40013252485152,0.648017793315988,0.2478852684644679,1,1
0.1936884055435623,0.0103798738269453,0.4371577378868611,1.372894713559624,-0.2945138511562839,-1.4591148689105498,0.3963962810219254,0.0399807032133832,-0.3564155778085421,0,0
-0.0905090584273879,0.1513954260531193,0.5753610644369396,0.7501637366234355,0.2701642527939957,0.2598974322740222,0.4011943085141922,0.0399673482673822,-0.3612269602468099,0,0
-0.0801987661365888,-0.1496613067461635,0.5045566775608432,1.0065070209858524,0.1982211825948106,2.525660927757573,0.3984921191448624,0.0399866844331214,-0.3585054347117409,0,0
0.1694554762285774,-0.013346060583612,0.6625707715201481,2.592986462725249,-0.1801014342170621,-1.9344917484403263,0.4017050867264922,0.0399276393788057,-0.3617774473476864,0,0
1.1294281296681969e-17,0.1869948619547685,0.6987198228488809,2.584352026745667,-0.0508184035659393,-0.0813407551484792,0.400000973551317,0.4000266626199829,2.5689068665846196e-05,0,0
-0.1808835178658886,-0.0256284543751733,0.5677377324049205,2.3155699696916847,0.0662163715948684,1.7724679322748067,0.4017579473974886,0.0361231131574105,-0.3656348342400781,0,0
-3.470256073186012e-17,-0.2182886955671277,0.6793833117240432,2.4874671621021784,0.1186990638116444,-2.9883555568039646,0.3999905112216833,0.3999907449261853,2.3370450197290893e-07,0,0
0.1705628503419127,0.0183136021571326,0.3477137691013772,1.2723631040836798,0.1296129595029267,-1.503573742091113,0.4016795078766625,0.6538019414934275,0.252122433616765,1,1
1.079314467138634e-17,0.1954819039757797,0.4033698113947906,1.5880343606475118,0.0122401029388044,0.0002108489183146,0.4003389244340268,0.6502420505282099,0.2499031260941831,1,1
-0.1832242130441574,0.01016378282757,0.3745909380645997,1.4308344814831986,0.1837791110257513,1.4896412576883604,0.4023039198572984,0.3911010801832389,-0.0112028396740594,0,0
-3.098752495620212e-17,-0.1432281469689453,0.3885090032893897,1.4902438712217467,0.1108567291004538,3.132662161321273,0.4032550634811985,0.6549036140693121,0.2516485505881135,1,1
0.166159975146425,0.0290736056504846,0.3273811142043662,1.1567802998124574,-0.1851098296274849,-1.3168758033976564,0.3977370836503314,0.5529914210680651,0.1552543374177337,1,1
0.0514713573541914,0.1837210103553833,0.2230306751054924,0.8034002962050965,-0.202742363528312,-0.0813121572843465,0.4010472923313254,0.4016566724145169,0.0006093800831915,0,0
-0.1413170172568654,0.0793545681485436,0.2143539003212188,0.7047421396438258,-0.1492050259715793,1.2321882091382872,0.4000998766271448,0.3844939328044242,-0.0156059438227206,0,0
-0.1428998577884653,-0.0952599895365222,0.4626987609757449,1.9220541782488507,0.0814337316812606,2.188567040840113,0.40101273904121,0.6499140821504399,0.2489013431092299,1,0
0.0594851628403488,-0.1739963370034632,0.4192995932186857,1.6755354008260457,0.0563111690238326,-2.806257080746912,0.4009344605186954,0.6119365931485917,0.2110021326298962,1,1
0.1610918760721905,-0.0021632388719432,0.2445078579380091,0.800399104553801,0.0750800788150471,-1.6568881803131528,0.4008626013825169,0.3494649806694722,-0.0513976207130446,0,0
0.1670445111710277,0.0289919007497617,0.4367651868389245,1.797620417537026,0.3411405320703473,-1.3218875254398672,0.4015844501936504,0.0399482673325688,-0.3616361828610815,0,0
0.1842443308114581,-0.0171343840671245,0.4089328975400039,1.619583331431406,-0.1500805194773084,-1.670828197798636,0.3997470372558722,0.4002529042124677,0.0005058669565955,0,0
0.1699469589310344,0.0139028306611329,0.5902077866031412,2.4279986200289514,0.1739785977444536,-1.291839240879158,0.4013814798076103,0.2805300588797063,-0.120851420927904,0,0
0.1723813434981781,-0.0193550816542959,0.3644345228304776,1.3529090465543658,-0.378684340079698,-1.600938795723968,0.3844132189603851,0.03993209700422,-0.3444811219561651,0,0
0.1706044008369843,0.0116451869182713,0.5166574642922287,2.18038122173738,-0.1772878271210897,-1.6251794542621223,0.4002751465080675,0.0399489471114391,-0.3603261993966284,0,0
0.1959179332559741,0.0042160354339705,0.2560355445598948,0.9366660158938892,0.0378196055232587,-1.5770812235013778,0.4008182736989293,0.396336263323768,-0.0044820103751613,0,0
0.1691874381485138,0.0307600438830847,0.2784180385325736,0.9456554189874028,0.164517387312242,-1.5086015751683963,0.40072420388229,0.1565853564456424,-0.2441388474366475,0,0
0.1892053968064437,0.0355908336136832,0.4666385601918121,1.9068146911564092,0.1265997495169687,-1.3407920159182565,0.4007699673428018,0.0383553858024785,-0.3624145815403233,0,0
0.1803504620542757,0.0353687650854909,0.2173762400633017,0.787461932582956,0.047185791919965,-1.4240821494999547,0.4016983514350025,0.0393691218873602,-0.3623292295476423,0,0
0.1824680880156728,0.0439259648820555,0.2551890214786537,0.8850743161633756,-0.26649287865289,-1.1223387544119023,0.4008740723013486,0.3989711106331656,-0.0019029616681829,0,0
0.1641871220505651,0.0101269422437536,0.2195675767553689,0.7323850770862176,0.1112876635352367,-1.6320775023478218,0.4015364378546633,0.0381668408032014,-0.3633695970514619,0,0
0.1929197811709641,0.0562340190039802,0.2512026233448693,0.9312396171948704,-0.0765999950144717,-1.23030378211125,0.4018232250911668,0.034651673511492,-0.3671715515796747,0,0
0.1623114060632031,0.0276159143836788,0.2599413249446505,0.8633228190497216,-0.0778489001332111,-1.335861430746201,0.4011700790731057,0.3546635750279877,-0.046506504045118,0,0
0.1665097026462946,0.0323636688792139,0.5272272106596895,2.2160595794255475,0.0678785057004659,-1.3278122651258777,0.4002707946784566,0.0381780944187458,-0.3620927002597108,0,0
0.1731028631094214,0.0588769233997286,0.3062334277481404,1.0711220393462422,0.3098488448047088,-1.4078788713576722,0.4015395793280697,0.039983514319432,-0.3615560650086377,0,0
0.1856973818266318,0.0136048677611847,0.5810288359589397,2.351159230049789,0.1354875864001052,-1.3647318461976032,0.4014250541806812,0.2763549117351164,-0.1250701424455647,0,0
0.1613647612621478,0.0313219993905018,0.3697695545524888,1.3841266284018994,0.225805253972849,-1.4213345551499188,0.4032950810872254,0.656994130418422,0.2536990493311966,1,1
0.1669115504176655,0.0402601715546286,0.3600910629411195,1.3411832910738402,-0.1027296279580676,-1.310146030494314,0.3991276788171848,0.650640351967046,0.2515126731498611,1,1
0.1892152474823746,0.0234990344734476,0.2900942709638971,1.0411102416044606,0.1525241687971642,-1.5359597663627889,0.4003295550286286,0.2130542416852365,-0.1872753133433921,0,0
0.1552256321868316,0.0190630862940641,0.3852558280008623,1.474184970798824,0.2327138461619336,-1.4709455082563578,0.4036436802275551,0.6563795379627156,0.2527358577351605,1,1
0.1736947246794773,0.0246258791206815,0.3979545197132454,1.5591347064305117,0.0204608554803649,-1.430196669969748,0.4007573039037437,0.6507097467588261,0.2499524428550823,1,1
0.1679768757463238,0.0672239567191175,0.3879837184428825,1.5016708021531575,-0.2858195079153615,-1.1706016341136063,0.4018397145496704,0.0399381136695631,-0.3619016008801073,0,0
0.1796589916882782,0.0291232230150633,0.3893519035972986,1.5122533465394807,0.0598483548330059,-1.4135971013785456,0.4011486068142777,0.6526498050350107,0.2515011982207329,1,1
0.1819934747337585,0.0779166890978068,0.5529044678214681,2.249506814430629,-0.2299574621239376,-1.3480858898439063,0.4005313271146682,0.039971896150863,-0.3605594309638051,0,0
0.186427900675943,0.0339601421876078,0.2314538811206804,0.8243145720872603,-0.2067678066595844,-1.2029348249395495,0.4011175010316159,0.3951766516771252,-0.0059408493544907,0,0
0.187175059108508,0.0425848740739192,0.3605687107106156,1.3681689340278833,0.0169950820713115,-1.3505819454538033,0.4004863454606042,0.5286084930709909,0.1281221476103866,1,1
0.1649551706992965,0.0623408978188665,0.2857552788888094,0.9862174045884466,-0.1718057251890471,-1.0968105777081676,0.3993387479556276,0.2143235831495506,-0.185015164806077,0,0
0.174390670966673,0.0433341060512317,0.487216044334801,2.022679760972163,-0.0084775956480317,-1.3313553499181834,0.4000904512608897,0.3814897632472142,-0.0186006880136755,0,0
0.1738700003424881,0.0710506496158364,0.2503907892646954,0.8973106350819622,-0.0466031625323906,-1.145705759833075,0.4018713892022709,0.0362026467242757,-0.3656687424779952,0,0
0.1527263398521487,0.0872270700808491,0.5463763433681834,2.2978717220935883,0.2751073677937891,-0.8147424374147013,0.4009422766969928,0.0387714481622785,-0.3621708285347142,0,0
0.1796901739381619,0.0770961054237094,0.5290796705649718,2.159210559167496,0.1218237209695848,-1.0845897982914414,0.4016376817487764,0.0335992729461793,-0.368038408802597,0,0
0.1687419400270454,0.0798257040480723,0.2979021130093371,1.067864033306195,0.094265789215806,-1.1806632121827252,0.4006343659295053,0.3999095856855784,-0.0007247802439268,0,0
0.1726527375368342,0.0947897109719369,0.3333957724870569,1.2224862079901526,0.3523782926501038,-1.1933783042307395,0.4016005033778674,0.0398581674495713,-0.3617423359282961,0,0
0.1680828140441952,0.0701503400965536,0.4754658272014643,1.9663219965860068,0.114178836257608,-1.1278844994883597,0.401256330044472,0.4140430004395702,0.0127866703950981,0,0
0.1731612380703502,0.0879347790234432,0.3359234068811415,1.2520216455391904,0.0227483983982502,-1.1084189498697128,0.4005892340519216,0.4000795401778924,-0.0005096938740292,0,0
0.1749688242448233,0.1130243443192082,0.2837682371542155,1.061020992746727,-0.0537803659686146,-0.9672174390375948,0.4017669385980971,0.1856808842804168,-0.2160860543176802,0,0
0.1480116161110089,0.0656164293068885,0.5202377451441346,2.242770051955507,0.2918011550320555,-0.9285458406349072,0.4017590113735969,0.0399730022598075,-0.3617860091137894,0,0
0.1538186231937707,0.0529959535497088,0.5529993805502016,2.3357429578864166,-0.1465706361282523,-1.3782819384250389,0.4012982358138516,0.039973408907422,-0.3613248269064295,0,0
0.1755185973825362,0.1211465215198429,0.355441847421772,1.3615684241823387,0.1754976941132897,-1.0037204873133525,0.4013220344726303,0.0379743008479302,-0.3633477336247,0,0
0.1512436676192151,0.1056420527973198,0.2461344328959999,0.847909067088538,-0.2529673887833772,-0.7437788494424353,0.4009779638308939,0.3997988601417572,-0.0011791036891367,0,0
0.1657589012743093,0.1065866641405876,0.2231787712118797,0.8077529162550698,-0.2603530843869522,-0.7579785240073782,0.400252640018991,0.4002101121487565,-4.252787023445448e-05,0,0
0.1636078184682816,0.0798130434547594,0.5051259511567723,2.1049123520623416,-0.1881632871215408,-1.2271181001660891,0.4013697864864448,0.039956295797318,-0.3614134906891267,0,0
0.1469402422072278,0.0668848732188939,0.3607966084871097,1.321756316483977,0.293011412783665,-1.2169648579982235,0.4005699962148574,0.0398301668962025,-0.3607398293186548,0,0
0.1505098248257702,0.1183222679150129,0.2484845486689938,0.8877973013362771,-0.1830520125510423,-0.7575240809218398,0.4011823673140116,0.3575292945612434,-0.0436530727527681,0,0
0.1392139754279015,0.0730335201369221,0.5229348163290737,2.2352902081490598,-0.0461388166489872,-1.1237659153451391,0.3998346590526611,0.6172682990657408,0.2174336400130796,1,0
0.15814095528771,0.0803023166232727,0.2008726855853127,0.7174544784452836,0.1338719047039375,-1.2527240184311448,0.4015426922188711,0.039434402180353,-0.3621082900385181,0,0
0.142721396104242,0.0678432865327831,0.3393611989524909,1.1989739194423985,0.1670413744960715,-1.1918053460627729,0.400864439238802,0.6542581823937138,0.2533937431549117,1,0
0.148796374585773,0.1104752302501281,0.4992488061520617,2.090282888708138,-0.3143837064422922,-1.107171984891776,0.4007246443478281,0.039974318366958,-0.36075032598087,0,0
0.1573307756378197,0.108496401523004,0.3441153523311488,1.284841457288722,0.1000727637451147,-0.9964449366657192,0.4009800535925641,0.5584052659323588,0.1574252123397947,1,1
0.1430151023205631,0.1187736790460411,0.2813849956244894,0.9695471202246552,0.314756992783736,-1.086992111278265,0.4014001534069108,0.0396870720114561,-0.3617130813954547,0,0
0.1284419910030467,0.0843551144070583,0.5973160626209786,2.480060241353104,0.0144734202411438,-0.9710989068684648,0.40185832271912,0.0391868367052611,-0.3626714860138589,0,0
0.1581466040235913,0.1376990027162868,0.2502823663501382,0.9363637341476734,0.1985548533656299,-0.998560698985532,0.4015221092694217,0.0392295868599128,-0.3622925224095089,0,0
0.1516092182473646,0.1072779400425996,0.4342605792064516,1.7592821546289268,-0.2529704777008453,-1.0026962175733602,0.3972011634113347,0.0399296086803314,-0.3572715547310033,0,0
0.1443202464911406,0.1446090295351855,0.3371300763368081,1.268663904639166,0.1522079616681253,-0.8316200531243181,0.4008125274923611,0.036439680774186,-0.364372846718175,0,0
0.1271011331048654,0.1184504778908419,0.3093492649226951,1.0897783379579769,-0.0206323782339163,-0.809845980875591,0.3999822844236825,0.6496651892811366,0.249682904857454,1,1
0.1311275781776515,0.1064375988680212,0.40219535382957,1.5838235897182784,-0.0668675774944,-0.8898261114326034,0.3992761554042108,0.6489176881026616,0.2496415326984508,1,1
0.1467229083443651,0.1550421582881912,0.5133635125692131,2.0890903302960906,-0.3277178627188702,-0.9393849723037168,0.4001360884795547,0.0399862476044732,-0.3601498408750815,0,0
0.1226479295705094,0.1192248854918685,0.5234593356797306,2.1984462160596663,-0.0822708129744126,-0.8591009733666736,0.4000747532542842,0.0399334174995863,-0.3601413357546978,0,0
0.1413072592039921,0.1210688792144528,0.4515073757789293,1.855711670414232,0.3203988353512814,-0.7703987588625184,0.4015881293453707,0.0399800560608255,-0.3616080732845452,0,0
0.1402654946559858,0.103361213701007,0.5907611179800532,2.411172236691615,0.1324912883500454,-0.7892988307614165,0.4012108311629874,0.3721932436072207,-0.0290175875557666,0,0
0.1209688145292931,0.1368156140019684,0.5245362159943912,2.193076624525892,0.259350909734517,-0.5420680286313049,0.4011635379903687,0.0395370503495157,-0.361626487640853,0,0
0.1321379539407588,0.1043607985510099,0.3999839466247892,1.5706984759076996,0.2273274112541956,-0.9023361261921088,0.402553904689768,0.3945047231155988,-0.0080491815741691,0,0
0.1364449452308992,0.1605405398030244,0.3357306993140896,1.2704208606872125,0.1668761841282296,-0.7558463139015122,0.4012352518683039,0.0373099014121839,-0.3639253504561199,0,0
0.1126289665879511,0.0969714023992317,0.2251627842482015,0.7040436190942576,-0.0287821774280643,-0.8260869481936142,0.4008681028491843,0.3559012823373177,-0.0449668205118665,0,0
0.1192997855051568,0.1563669044055338,0.2712396251363603,0.9768011829310266,0.2069696502907972,-0.7896380877662164,0.4011925789141529,0.0399799621156792,-0.3612126167984736,0,0
0.1338837430524805,0.1759099684772687,0.2406785889075704,0.9164390353298092,-0.2815729553101384,-0.4405532010732279,0.3999904960155711,0.3999906894128981,1.933973270418221e-07,0,0
0.1117998367946632,0.1100532318882046,0.4368731089886323,1.811382520353712,0.2828049898450083,-0.7249159837087817,0.4049123829591367,0.3673672154394347,-0.0375451675197019,0,0
0.1098952379727094,0.0987551182442931,0.2853059626512892,0.877078948334504,-0.287239489032207,-0.6073595351553551,0.3996739580251337,0.0374652323311686,-0.362208725693965,0,0
0.1042931774021692,0.1346892075795774,0.3095114763613495,1.0805104505258183,0.0864265386705732,-0.7049285034844929,0.4003953448563708,0.6482222327813117,0.2478268879249409,1,1
0.1169012754751037,0.1556229938145692,0.4103575314944466,1.6258445411928648,-0.2622720232536727,-0.6585436349320416,0.4003286948317471,0.0399785449848425,-0.3603501498469046,0,0
0.1007007312598407,0.0958889788717243,0.5436858318012334,2.3812966238763265,0.1291154961880246,-0.6752985086379996,0.4002887771472346,0.0396502650716182,-0.3606385120756163,0,0
0.1111804350629933,0.1279780492421144,0.5045742780401616,2.123659272833072,0.0212801975845008,-0.7021477204514274,0.4003187977632605,0.2071113269120793,-0.1932074708511811,0,0
0.1212391773764782,0.1653635860616508,0.4246996771523365,1.690677737755783,0.0003802802714943,-0.6325951659005986,0.4006250363887488,0.3502796856948824,-0.0503453506938664,0,0
0.1015468661527955,0.1318631442224148,0.2170153131940674,0.7045097592171962,-0.2417412589644362,-0.3817169080017615,0.4004744470216407,0.0628184500522777,-0.337655996969363,0,0
0.1174318329135688,0.1342393746250016,0.208291754016828,0.7486145457036185,0.0364583990903151,-0.7579289051087694,0.4016866400859132,0.0392278790050135,-0.3624587610808997,0,0
0.0974204872402538,0.1528642175230816,0.5262205394188841,2.181571353494029,0.084979798770853,-0.5080453335828857,0.4002024240809438,0.0373529993120782,-0.3628494247688655,0,0
0.0928656650253197,0.132604335552762,0.570602084310667,2.398322739742245,-0.1720581945643344,-0.7951105770062742,0.4007859564755386,0.0399639109400853,-0.3608220455354534,0,0
0.0916873435029495,0.1329458404906258,0.477533393059695,2.0341789786856483,-0.2525378257155698,-0.7279577993972992,0.4045238954167561,0.4509142674342065,0.0463903720174503,0,0
0.0878681731864284,0.1624397042258012,0.5925500792120071,2.3770533486201324,0.0030243830313024,-0.4926981408698959,0.4018933964071536,0.0397151351949351,-0.3621782612122185,0,0
0.1032319026195962,0.1489173459618291,0.3913385515859118,1.519362200897949,0.3798866747902045,-0.6252454297158403,0.3977839079080822,0.0399603937993521,-0.35782351410873,0,0
0.1001009810535817,0.1606833253210399,0.3353342216328001,1.2413710303395056,-0.0397330023237042,-0.543558994784993,0.4000370636339805,0.6503082837220227,0.2502712200880421,1,1
0.0936631986578174,0.1584698938177899,0.3920585837649397,1.5259209191705023,-0.2809892458293345,-0.521358631141615,0.3980682995895093,0.0399638001757775,-0.3581044994137318,0,0
0.0980512996730904,0.1780609913755462,0.5801418433725687,2.2997946611059934,0.093035018256218,-0.4205692952476886,0.4009954523409244,0.3974334180153325,-0.0035620343255918,0,0
0.0805760204466348,0.1639046903346433,0.3691101411659099,1.402182716996791,-0.1121373417278332,-0.4378605899664886,0.400223474737501,0.656126182479307,0.255902707741806,1,1
0.0811166457995898,0.1579929876614102,0.4274149524088193,1.7308464511616022,-0.2934149911064851,-0.5209809413701243,0.384492138557416,0.0399084577662415,-0.3445836807911744,0,0
0.0797801953921896,0.1313008332474002,0.3266647796964147,1.1243174622455487,-0.0689384070486252,-0.5130349725542198,0.3996131079220139,0.6498738992505055,0.2502607913284916,1,1
0.0881495569086678,0.1584700200896616,0.5011247611386809,2.083552552053865,0.1200797943735882,-0.4402934011479565,0.3998615224535106,0.1225592524063122,-0.2773022700471984,0,0
0.0839641933548122,0.1890194710604928,0.312609533437022,1.151014345384057,0.301240286123658,-0.5496846875772441,0.4007938568175046,0.0393834438224526,-0.361410412995052,0,0
0.0874204034768408,0.180507791178349,0.3534691921470788,1.3368292883666115,0.2249205649096454,-0.5041160715048418,0.4015327287646697,0.0397579646291654,-0.3617747641355042,0,0
0.0778498169496752,0.1807786252652716,0.3485869560460369,1.2965205921193113,-0.3678807532610196,-0.3057876141088138,0.4007254813107809,0.0399672008554202,-0.3607582804553606,0,0
0.0778432823443695,0.176841191205356,0.4021107231731647,1.5824055594496576,0.3453494614275617,-0.410733855725618,0.4017416898038922,0.0399783794503791,-0.361763310353513,0,0
0.0792550473232622,0.1559485978020326,0.5144023684929488,2.1525774323508475,-0.0892018666989389,-0.5287209958429707,0.4000193545535909,0.0397598400674227,-0.3602595144861681,0,0
0.0710836287620822,0.1705980108385895,0.582024970860742,2.349342071465199,0.0390778713184133,-0.3562796047981704,0.401876965116504,0.0389923952099343,-0.3628845699065696,0,0
0.0607999076389231,0.146099027469219,0.2394731698703986,0.7615396839012745,0.1794692417232261,-0.5794474915063903,0.401832928066901,0.0398932226092473,-0.3619397054576536,0,0
0.0661451513969575,0.1498755864013332,0.2164618930837285,0.7277021610273618,0.0422034139880547,-0.4629519413061553,0.400894013282954,0.3398128366158352,-0.0610811766671187,0,0
0.0651853588758242,0.187932215422273,0.397553876593389,1.5581785372819952,-0.226186326210957,-0.3310411864670902,0.40102527099146,0.0399548520333789,-0.3610704189580811,0,0
0.0568926629308279,0.1547445745251769,0.2736027359367756,0.9119353765086188,0.111447895930914,-0.4382175781864925,0.4004169610457905,0.394274184754761,-0.0061427762910295,0,0
0.0559876632853251,0.1543845867305253,0.4320379852821612,1.778548488493303,-0.3808986880474099,-0.4261039484250323,0.3482817447792296,0.0389434147876879,-0.3093383299915416,0,0
0.0633897494806075,0.1788919729212682,0.4488771201565785,1.825042970220564,-0.130010609435499,-0.3742197017507233,0.3999830718859837,0.4558113539846534,0.0558282820986697,2,0
0.0494750629972316,0.1342254534251778,0.355285743884077,1.2453232367495417,0.3681102027410723,-0.4739943441280742,0.398615420176737,0.039402011595173,-0.359213408581564,0,0
0.0571630848601985,0.1871293142103721,0.3333344276312214,1.241201651388543,0.0844298950329023,-0.3253097038534152,0.4006760924837587,0.3873162419119533,-0.0133598505718053,0,0
0.0525184675222971,0.1949581834361214,0.2770089163872238,1.0174903600908252,-0.1418283677000891,-0.1760488341900531,0.4015173442523575,0.199596259693701,-0.2019210845586565,0,0
0.0451564494035808,0.1734268859020826,0.407003023556316,1.6106941050178354,0.2055438832736826,-0.2465743330425391,0.4003216883215881,0.3888284282169043,-0.0114932601046837,0,0
0.0490542221102056,0.1759962582316857,0.2520004281145023,0.8890557690368909,-0.0471787025399719,-0.2335695170343226,0.4017616475573714,0.0344521044100241,-0.3673095431473473,0,0
0.0408638634408156,0.1362801124545989,0.4928573759141404,2.149270109193125,0.0265097898291555,-0.274014086242839,0.4020196701766576,0.6524843929956735,0.2504647228190159,1,0
0.0381474811649916,0.1335464168132176,0.3363787560645198,1.1400650238689778,0.0717452016726111,-0.3111670566229717,0.3999435931549774,0.6527510875753658,0.2528074944203883,1,1
0.0395273796681667,0.1851858960420178,0.5045044093358833,2.081934392767524,0.1565461753358553,-0.1230718998828032,0.3995690373298745,0.0399349495604261,-0.3596340877694484,0,0
0.0376240731623527,0.1649724020215653,0.578273575939653,2.389835148242092,0.1191890757119122,-0.0977179025162963,0.4017382235855046,0.0376808563303524,-0.3640573672551521,0,0
0.0321239747265893,0.1774510210526505,0.4770348864396181,1.983373393525512,0.2017992354247116,-0.0915856262213054,0.40141717888958,0.0393001808771817,-0.3621169980123983,0,0
0.0367614526266432,0.1880044272601112,0.4471191246355503,1.81201406382888,0.0170964021007169,-0.188893063700416,0.4001665791412202,0.6298149030712439,0.2296483239300236,1,1
0.0311490384991571,0.1643282212214223,0.2902912627826738,0.9613670570775162,0.2901435119743918,-0.3844484748861561,0.401855295952195,0.0399869210929295,-0.3618683748592655,0,0
0.0280787994939269,0.1894722201551258,0.5682125004685776,2.315267059259572,0.2291729435040838,0.0591963010106255,0.4006557509562106,0.4004872138064913,-0.0001685371497193,0,0
0.0280838845330882,0.1572239522488107,0.2316058025669972,0.7542048216633271,-0.0945214004097808,-0.076634599044487,0.4011879152451498,0.2676119535543173,-0.1335759616908325,0,0
0.022306982892278,0.1436416138340705,0.3279833627497543,1.1031069537550016,0.1751083210358196,-0.2418287413097611,0.3978305216240564,0.6469782409949895,0.249147719370933,1,1
0.024106895093365,0.1676064030247724,0.3641198778262217,1.3586360329397678,-0.1767724174684133,-0.1049899374896538,0.3989858456100101,0.6479749033524626,0.2489890577424524,1,1
0.0181881321306588,0.1807347652371414,0.248510778529167,0.8478390798104263,0.2534165385082125,-0.3179984389063592,0.4018486793806172,0.039848291088126,-0.3620003882924912,0,0
0.0179601265662453,0.1558836468676189,0.3718225453260897,1.389902357755567,0.187837325687012,-0.1488484576213192,0.4032019443769067,0.6571789992105802,0.2539770548336735,1,1
0.0169445724268188,0.1674112734925299,0.305656118246264,1.055895988722348,0.1174501094113597,-0.1670766099442339,0.4011320931432822,0.6080291469420943,0.206897053798812,1,1
0.0131315672600801,0.155078693722644,0.3804804708502305,1.4435001611933045,0.1990982179484108,-0.1097840278080477,0.4020593288092897,0.656989842727319,0.2549305139180293,1,1
0.0118995824696203,0.2001466551508474,0.5873044009804356,2.3541410018960933,-0.2560285001370192,-0.3064350354281697,0.4013228593298167,0.0399550662337575,-0.3613677930960591,0,0
0.0086225469717427,0.1637861339103352,0.2431664853239573,0.807525404268195,0.0226586807948268,-0.0742688415616779,0.401590972830166,0.3938330882309045,-0.0077578845992614,0,0
0.0073372681743559,0.1821412914729747,0.589934417785758,2.377159591953353,-0.0286598021819947,-0.0701359393599486,0.4017840925942034,0.0398840736470111,-0.3619000189471922,0,0
0.0042862299746185,0.1945116640585836,0.3015593457676122,1.089852517374511,0.2199700370871644,-0.1354035099301285,0.4004125039986754,0.0348731854280331,-0.3655393185706422,0,0
0.0024706986017369,0.1772829247178993,0.4386676038846617,1.7914047210980186,0.2295657318218685,0.0370511941671432,0.4010098017832371,0.3470918868399869,-0.0539179149432501,0,0
1.1960159602316716e-17,0.171830795573901,0.2699028550023055,0.9227086788351428,0.0106736173045639,-0.0080815058276289,0.4009620406287077,0.3926703841630482,-0.0082916564656595,0,0
-0.002287644817949,0.1668094685743063,0.4161305157106972,1.6694768129295612,-0.2154605628364704,-0.0074502134231698,0.3985502400031145,0.6438570339427031,0.2453067939395886,1,0
-0.0048211774419027,0.1984021047843033,0.3787701466216481,1.4620008704799663,-0.2023369086358169,0.0462419815895123,0.4014758108255764,0.0399176319560026,-0.3615581788695737,0,0
-0.0072215670755728,0.1882438587792296,0.2445486474065663,0.8498788110296627,-0.2682327480390316,0.2671439754920616,0.4005107935218026,0.4018668892162842,0.0013560956944815,0,0
-0.0099673379909023,0.1791007382571424,0.5942317088425433,2.433853395521069,-0.2582344746367096,-0.2344591838394089,0.4006309873625228,0.0399763268318138,-0.360654660530709,0,0
-0.0123775858656101,0.2120527174020873,0.3642488167581477,1.402849939237073,-0.1190635829134242,0.0784401889235573,0.4011568955557135,0.2770431648714062,-0.1241137306843073,0,0
-0.0142602183169507,0.1868430244976698,0.35693568420826,1.3394369284582068,-0.2159110085922591,0.1266010551909626,0.4016990013377941,0.2172927859368993,-0.1844062154008947,0,0
-0.0153750258685602,0.1521625642728938,0.4290667734200395,1.758613223546755,0.0011686752146266,0.1009236894231141,0.3999132480642311,0.6504870790279416,0.2505738309637104,1,1
-0.0196490336280923,0.172082182194367,0.3380173097118503,1.209862086426085,0.3041345679957528,0.0011295473081812,0.4017958274082937,0.0399692957450317,-0.3618265316632619,0,0
-0.0216616838756919,0.168488913654979,0.4901722801182393,2.0875273129083314,-0.3206840979751402,-0.0493723640860654,0.4004916492969194,0.0399584600085039,-0.3605331892884154,0,0
-0.0217024649618038,0.1948703492524354,0.2862297149633102,1.0394021748649118,-0.1386569401808918,0.1919740433143596,0.3999249684464782,0.3991267465183349,-0.0007982219281432,0,0
-0.0250930774705281,0.1857243351422238,0.3954258177199449,1.5447907142920845,-0.3529608184891139,0.1432873152147893,0.3955700554346931,0.0399544368194405,-0.3556156186152526,0,0
-0.0241347236843978,0.1550947999280695,0.2955398988725269,0.9740405590077034,-0.1681508659648657,0.2675899283283724,0.3985907434128158,0.6485267593946513,0.2499360159818355,1,1
-0.0287469327624679,0.1537387972517068,0.3868873012212931,1.485823065660078,0.1769365318978764,0.1698594037536745,0.402705166220245,0.658157956770357,0.255452790550112,1,1
-0.0280639009071732,0.1328343130468511,0.4710879167702204,2.0873333864540538,0.3503872462981596,0.4007560329184209,0.4074204901859299,0.6588435556578045,0.2514230654718746,1,1
-0.0303761086619059,0.1650629029841182,0.461662162635671,1.950101587725933,0.3726628105767001,0.3261164584175587,0.399492293222725,0.0399745318752392,-0.3595177613474858,0,0
-0.0390210139637232,0.171379596789015,0.4162675282057105,1.665430928607274,-0.2227754031426271,0.2029032335690675,0.4014359958974196,0.3841693097197681,-0.0172666861776514,0,0
-0.0408605638543156,0.2096470456520598,0.4572806885775216,1.843812023257222,-0.2814769246054479,0.1148658229005584,0.400862859404481,0.0399613190056864,-0.3609015403987946,0,0
-0.0395958432326556,0.1947841236040808,0.4660282265004949,1.9061824854987868,0.2915003718738224,0.3003859439807057,0.4018193848179988,0.039837646206777,-0.3619817386112218,0,0
-0.0386256306686373,0.1625189955682099,0.5770230865184516,2.4034142444406243,0.183289421845353,0.431066438963985,0.4016681808056906,0.0390384485518814,-0.3626297322538091,0,0
-0.0438368589244932,0.1489249208450814,0.5250425425525893,2.2566107759758247,-0.1379560662771339,0.1742068292928357,0.3995298871424129,0.0390117961161007,-0.3605180910263121,0,0
-0.0472609530537416,0.1826516765418724,0.3833421877657973,1.4825561196913897,0.0631536434287218,0.2476125622072637,0.4012547934588161,0.6521950630586619,0.2509402695998458,1,1
-0.0514892612876435,0.1933833618491134,0.3313273112254828,1.220107425374836,-0.3338440181273825,0.3795160977702043,0.4017922673601011,0.0399580004503685,-0.3618342669097326,0,0
-0.0521301165665145,0.1523914553739416,0.5973889273754598,2.4849356018780737,-0.2090061811322054,0.0666377135465441,0.400333138315283,0.0399766737667682,-0.3603564645485148,0,0
-0.0592234005329751,0.1846141094610731,0.2947277463270096,1.0531857729137517,-0.2677757224144471,0.4599540836191513,0.4008759380037283,0.3580320718762134,-0.0428438661275148,0,0
-0.0559830535175269,0.1968068884212389,0.5916505118408244,2.3457605170838782,-0.2148199500528882,0.0713239970986856,0.4017621964410046,0.0399542110203852,-0.3618079854206193,0,0
-0.0614708045689441,0.184136321680895,0.3592137270943472,1.3571951728686886,0.2457238892908929,0.269483807309316,0.4018301457897624,0.0399422695415571,-0.3618878762482052,0,0
-0.0656099789263565,0.207210478660859,0.4050127019595215,1.5947253513417432,-0.2704796619674976,0.3002521211508075,0.4017965725977408,0.0397609318905807,-0.3620356407071601,0,0
-0.0656180818933732,0.1986165223461878,0.432853928520588,1.7300154891103916,0.2070229316585154,0.3520808317322558,0.4016632177908097,0.0398976992095944,-0.3617655185812152,0,0
-0.0666234067290443,0.1998668221483704,0.2940829735967058,1.0966988748850723,0.1798413673183148,0.2302265625321038,0.4017614219879098,0.0398728886546616,-0.3618885333332481,0,0
-0.062063904132877,0.1426516206767654,0.2030836033885629,0.6657599764641089,-0.0671724406449787,0.4956292409105185,0.4018553641948337,0.039803207333486,-0.3620521568613477,0,0
-0.0696912727560689,0.1506018459518835,0.4441167562346241,1.8318376075197973,0.094836987033551,0.4586985958169808,0.4011467056912081,0.650424116486102,0.2492774107948938,1,1
-0.0773629576321748,0.2052247251017701,0.5276025341926825,2.1261702837214647,-0.3052642373875609,0.1761166306859705,0.4009787691225743,0.0399839628665092,-0.360994806256065,0,0
-0.0708158738012036,0.1500138354320553,0.234254639382587,0.7843858413109746,-0.053718952844452,0.4947988727554445,0.4005430602237816,0.3912990398425968,-0.0092440203811848,0,0
-0.068731366649233,0.1431742186404279,0.2865979619613553,0.9236870622254164,0.2695886301193174,0.2489601603020844,0.4018436741593824,0.0399410977011463,-0.3619025764582361,0,0
-0.0705825215842178,0.1377754880847599,0.555875605975114,2.3652106327559035,-0.104734763829277,0.3673936382048725,0.4009001106388323,0.039975728008756,-0.3609243826300762,0,0
-0.0853638781588235,0.1751385551511938,0.2693058045181079,0.9791133863986792,-0.0496312835045877,0.4868490192647399,0.4018415632690354,0.036885636546403,-0.3649559267226324,0,0
-0.0808829143752351,0.1827609830139614,0.498998448343539,2.059959389348821,-0.3343228601735858,0.2437271875751959,0.3991149275378484,0.0399791472559353,-0.359135780281913,0,0
-0.0783983080634306,0.1307226729942584,0.5004220026919719,2.157133339556485,-0.1069892421303526,0.4694060018156852,0.4001081108834599,0.643755564972083,0.2436474540886231,1,1
-0.0860016935298392,0.1419090743593927,0.4168165166807637,1.678509937157732,0.3543220535675566,0.5823435888753321,0.4018417853328894,0.0399541230117871,-0.3618876623211022,0,0
-0.0922155573059998,0.162819007641344,0.3949955745292534,1.5429736803679492,-0.280092359758772,0.5230165477238147,0.3961627949934491,0.0399608780628475,-0.3562019169306015,0,0
-0.0881880787131449,0.1746359985262826,0.2042217334499465,0.7833675529647435,-0.0578191139119911,0.5255825022172674,0.401712256624569,0.0394409459319708,-0.3622713106925982,0,0
-0.0888449841828297,0.1549048926693784,0.3813455259164908,1.4665713056918317,0.0516124122822958,0.515344007218832,0.4014481750799435,0.652434012117628,0.2509858370376844,1,1
-0.0963984414368254,0.1784037577121452,0.4188818773986688,1.6697768826615018,0.3533763230368679,0.5297481214086784,0.4018473029231203,0.0399400940383165,-0.3619072088848038,0,0
-0.0844856161385367,0.1180549486608852,0.37442941643436,1.3952008495019128,0.1184738185628188,0.6001821403094001,0.4033363199209598,0.6562155976130503,0.2528792776920904,1,1
-0.0857571646072362,0.1573739538719657,0.578977775191049,2.376761449573125,-0.203421963237754,0.2914610674026754,0.400467576348205,0.0399736732878164,-0.3604939030603886,0,0
-0.0917088639081272,0.1694502186331132,0.3006785689715514,1.0837997662082868,-0.2048318083901097,0.6033681926154518,0.4001327853721624,0.0369447670924803,-0.363188018279682,0,0
-0.1080523019303472,0.1720534504509836,0.4619471683522886,1.880334214719645,-0.2928545265864763,0.4686989472382356,0.4012717497503184,0.0399592523922794,-0.3613124973580389,0,0
-0.1103628616000309,0.1701410513157956,0.2826948174912542,1.026618495883508,0.2570947710936606,0.4227607411279324,0.4017254354166564,0.0398588473419682,-0.3618665880746881,0,0
-0.1029051748376234,0.1440722169829179,0.4527216294628441,1.8687124441569287,-0.2359540642696155,0.5485756688445503,0.3995642855148443,0.0399523327429412,-0.3596119527719031,0,0
-0.1034838578461572,0.113521073119259,0.4486279454805377,1.8903427499019505,0.2811008080950895,0.8307134618684274,0.4032314358423637,0.6472819063128504,0.2440504704704867,1,1
-0.1192426714561177,0.1620990001211512,0.3615798029077568,1.3799596532263343,0.1505130160349063,0.6052722862091725,0.4013487346603199,0.0393566510024579,-0.3619920836578619,0,0
-0.1195216081579429,0.1690945288551123,0.3956560836977653,1.549386339725927,0.201939247078503,0.6110023921482425,0.4016425216483945,0.0399254998472299,-0.3617170218011645,0,0
-0.116292048968067,0.1405331059562058,0.5556335036786393,2.278563364955823,0.0575167318293759,0.740437185929536,0.4017395501512232,0.0354246103669748,-0.3663149397842483,0,0
-0.109351868608518,0.1515279350899833,0.4889145038582098,2.01556346807468,0.0521682173004866,0.6499641353780533,0.400637649119241,0.1840588561433715,-0.2165787929758694,0,0
-0.1155091276996126,0.1200180915974287,0.2310541438608953,0.7767006985386042,-0.0565738518866695,0.8237289270735647,0.4008855223004959,0.3765985151173854,-0.0242870071831105,0,0
-0.1114897072480198,0.1105726065283887,0.3261866533566422,1.1269084346132652,0.1371667255869621,0.7245955309242352,0.4017665110262832,0.6562712523500697,0.2545047413237864,1,1
-0.1253550087977429,0.1421606952051261,0.5298667200048164,2.1751903328858484,0.1033408950265492,0.7937800928284066,0.4007657961033267,0.0389082382700739,-0.3618575578332527,0,0
-0.1164496861989881,0.1032493941554181,0.524758515064369,2.26362908888269,-0.2040331131192461,0.6787721196775546,0.4005985620851487,0.0399757379540605,-0.3606228241310881,0,0
-0.1264711016166037,0.1290668643095149,0.5713116616048313,2.329544044375312,0.0063630926137174,0.7812730236992778,0.4018760731659932,0.0392864421267787,-0.3625896310392145,0,0
-0.1269346165609242,0.1314294196551011,0.3746729200535176,1.428242241714106,-0.2599160528894064,0.8048725002695927,0.4016343183476218,0.0398298449863032,-0.3618044733613186,0,0
-0.137672456620541,0.1520625018770071,0.5100409478893024,2.066153786123668,0.1049932995695415,0.7923348503709727,0.4015576484687537,0.1307408898561529,-0.2708167586126007,0,0
-0.1348819150853157,0.1437353489229257,0.3506153470337254,1.3215605609603494,-0.1718489061835526,0.7971304136763799,0.4009406645384972,0.1097215970116894,-0.2912190675268077,0,0
-0.1168539475495249,0.0934884299520509,0.4761857507470501,2.044246142681864,-0.099902003059734,0.8449761656870788,0.400578417065027,0.6493726101298722,0.2487941930648452,1,1
-0.1220415489226009,0.1423172633800566,0.4235428579332008,1.6962360456575438,0.0906317857171665,0.7202628155977532,0.4013286254925746,0.6430802632851161,0.2417516377925415,1,1
-0.116888799478688,0.124280651048595,0.5815984356834298,2.390064762713394,0.0709624452116529,0.8304888584861967,0.4016795510136175,0.0772870577925992,-0.3243924932210182,0,0
-0.1235644940122731,0.118510899277192,0.3182002917744244,1.1207695838752527,0.1338789389327441,0.7418781447393362,0.4007149176296782,0.6503098627635057,0.2495949451338274,1,1
-0.1303357147581662,0.1017489837165352,0.3731365049856023,1.4034087814216765,-0.2746436848205225,0.9537475801074424,0.4022959814018212,0.6525362892614743,0.250240307859653,1,1
-0.1410983633763371,0.1145841051214704,0.4065641034244173,1.6086385949427149,-0.3047617931957871,0.8773687466390229,0.3853952412884731,0.0399299637559172,-0.3454652775325559,0,0
-0.1440083739097107,0.1353126329962963,0.4130315070134895,1.636921021661685,0.0908331654968853,0.8225266730044545,0.4007077539447211,0.3689889276621341,-0.0317188262825869,0,0
-0.1301436023338904,0.1005572667686392,0.2861962531875326,0.9351210988497572,0.2894916521827009,0.7053535161117482,0.4018891158442977,0.0399421137253021,-0.3619470021189956,0,0
-0.1545853458464437,0.0958190791217918,0.2001240223880918,0.7381286167482685,-0.0163184194585856,1.0338480960861007,0.4018242888091453,0.0397112511460662,-0.3621130376630791,0,0
-0.1523630070003259,0.1366660218281906,0.5501110914231322,2.236478357874445,-0.2922756112175413,0.6171449289739066,0.4004548138685534,0.0399707687589889,-0.3604840451095645,0,0
-0.1318544040866599,0.1215491427127897,0.3185671071494888,1.1402560250081075,0.136840676575849,0.7634733349624027,0.4019860169745567,0.3945765813512304,-0.0074094356233263,0,0
-0.1485669918062975,0.0872763360853451,0.3700557003985257,1.3947691818979864,0.2114362164858013,1.0023417454226462,0.4017614783326814,0.6510350265218444,0.2492735481891629,1,1
-0.1354248758395722,0.0800127315904626,0.5164526688286506,2.210978407260466,0.0881764199872423,1.1026459887257698,0.4003942643210408,0.1074107912492022,-0.2929834730718386,0,0
-0.138794059260835,0.1000227331498005,0.3793903299422048,1.443067991041358,0.3512635323316772,0.9021802696213364,0.3999622153596666,0.0398176849574552,-0.3601445304022113,0,0
-0.1353373012760483,0.1227823764702616,0.5507989373451385,2.295979698692181,-0.2851359538477733,0.5896800958491573,0.399419867376938,0.0399742102303084,-0.3594456571466295,0,0
-0.1624900647405925,0.0986852142741762,0.3889995081317794,1.5112073261827936,0.2455512679430895,1.0105022821870835,0.4007162894871516,0.0384081194291997,-0.3623081700579518,0,0
-0.1606689192648134,0.1007494502360881,0.47832484236312,1.9681937934330365,0.1654782556284674,1.079744967718825,0.4007857469312943,0.0398318747763986,-0.3609538721548956,0,0
-0.1606797994863404,0.0823651542093867,0.4892983887531923,2.033625465068772,-0.1192532430127064,1.0378220498635002,0.3999036616385045,0.0377681036217547,-0.3621355580167498,0,0
-0.1406942560158495,0.1150655060677385,0.2721131232754998,0.9576072586922646,0.0102080882333115,0.8780881453182393,0.4005223406928784,0.3818822604556221,-0.0186400802372562,0,0
-0.1628264100337294,0.1156902562293592,0.534896935038818,2.1664235016386373,-0.0694299185009868,0.90606671921994,0.4016889958779753,0.0399711633874311,-0.3617178324905441,0,0
-0.1621519616077495,0.0663038515747732,0.5707260792391582,2.34428049014314,-0.0446591419262998,1.1390762062863111,0.4017807162713508,0.0398940099335536,-0.3618867063377973,0,0
-0.1557919286663066,0.1037097600877816,0.4874605728646939,2.0200121060865537,0.2244219403964287,1.0903440954507826,0.4014802213066872,0.0399795015558226,-0.3615007197508645,0,0
-0.1685315206208851,0.1140590237170262,0.5569612448106738,2.2458783667566875,-0.213714099797573,0.8076362920308603,0.4010941009071591,0.0399613051562133,-0.3611327957509457,0,0
-0.1744415582834222,0.0842351918679104,0.4302798829450322,1.7276233472149642,0.1497727625745912,1.1445244442237654,0.4004826654472913,0.120056181485092,-0.2804264839621991,0,0
-0.1734830126469363,0.0884311348598276,0.5625069132543454,2.2750306838938177,-0.1440939662714227,0.9779951311235344,0.401063680332426,0.039964907167218,-0.361098773165208,0,0
-0.1725743300622362,0.0790795679144238,0.4012514651356023,1.5779012949693496,-0.3821762747826224,1.1384657293528868,0.3954247725655267,0.0399740689812559,-0.3554507035842708,0,0
-0.172405675093038,0.0709237112927618,0.4015095450330265,1.578999770174977,0.161004468758803,1.1818359542792107,0.4023080170458067,0.3833930810587332,-0.0189149359870735,0,0
-0.1544907354063035,0.04781835906893,0.5217583568891551,2.216584379514724,0.0342461424435647,1.2964227254521008,0.4005398116284969,0.2957006351410505,-0.1048391764874464,0,0
-0.1740201339569723,0.1063767523151587,0.3388389016435814,1.2702712006141854,0.2442739207351353,0.9473039703286998,0.4011636284508187,0.0391158467361894,-0.3620477817146292,0,0
-0.1681586152870469,0.0864215925587848,0.4833494019579235,1.9862663300617525,0.0338790292296957,1.1110093971713222,0.4005253264716061,0.2869147824598598,-0.1136105440117462,0,0
-0.1600122224737185,0.0750375571850963,0.5538863246386083,2.288372080196204,-0.0518102420069507,1.0871282655420536,0.4018740363445897,0.039740056594763,-0.3621339797498266,0,0
-0.181742269893024,0.1000277029151992,0.2383315744127128,0.9087417858654916,-0.0121434599194674,1.0771237864640837,0.4018940239659952,0.039894456427899,-0.3619995675380962,0,0
-0.1636820656086641,0.0906395362695017,0.2709565920136714,0.9350097917291096,0.2973357733361005,0.8521345318671454,0.4014787212601965,0.0393902946647503,-0.3620884265954461,0,0
-0.1689529883083533,0.0624341832830592,0.2978035335318072,1.0226127565814749,0.3272415778123148,1.0230189059459427,0.4016113418434244,0.039859220801459,-0.3617521210419653,0,0
-0.1794246994880767,0.0361553866539507,0.2735756046546627,0.9375514992128232,-0.282361678543406,1.5737064456328511,0.4005245943783056,0.3142947553082849,-0.0862298390700206,0,0
-0.1713022668232593,0.0585418331244417,0.2264917674645615,0.7959025575271266,-0.1483980754221034,1.3852746194064407,0.4015686922083193,0.1896061040591108,-0.2119625881492084,0,0
-0.1723652738502165,0.0776867759809215,0.3415863678983534,1.2660690114609203,0.1798310650039885,1.0911544637167554,0.4011910871621456,0.3567693862350126,-0.044421700927133,0,0
-0.1614440957564822,0.0467795642846276,0.596600610104669,2.447088641830476,0.1470622666415078,1.4629041875698403,0.4013860660055703,0.2800071969811956,-0.1213788690243747,0,0
-0.1551488303383553,0.0311493296903693,0.4308055107273076,1.7642480802624096,-0.1101305164398613,1.3511320696040214,0.4003535299180434,0.6474897646975092,0.2471362347794657,1,1
-0.1805609657593044,0.0461523849316653,0.5896611789150117,2.371398610342609,0.1120319210177641,1.4352927501914283,0.4014069822716157,0.357350083418918,-0.0440568988526977,0,0
-0.1793461248392804,0.046165444703567,0.3517713630875925,1.3154772118201072,-0.0651369192363348,1.335844094158026,0.4017395001432125,0.6549035388274712,0.2531640386842587,1,1
-0.1826831467640549,0.0698436829990681,0.5183094697323009,2.1184244654891087,-0.1087729852373147,1.1395148117631233,0.401839295044234,0.0397953293692615,-0.3620439656749725,0,0
-0.1624426773565396,0.0444311049820982,0.3068451505329262,1.0616495507516437,0.1182220364614953,1.2380602043845494,0.4012214599974725,0.620950223639679,0.2197287636422065,1,1
-0.1704511890233518,0.0184322136324468,0.403652244141936,1.5921876513099442,-0.0926300668924781,1.4610981164337398,0.3990626113086393,0.646908500379511,0.2478458890708716,1,1
-0.1666301565767088,0.0203106970826663,0.2404194462401873,0.8087368384220813,-0.0639921344811718,1.5104592173091065,0.4006270677121832,0.3915970000974036,-0.0090300676147795,0,0
-0.1923751044607531,0.0147538599736486,0.380547135841176,1.4675171612682183,-0.2327902032371215,1.5181593320878848,0.4005116192398861,0.0399583039839081,-0.3605533152559779,0,0
-0.1676065351760176,0.0498792804010108,0.4466641178936552,1.84125590220456,0.2653001824071896,1.3541128634114383,0.4015389977412456,0.0371088815124916,-0.3644301162287539,0,0
-0.1839345256810822,0.0309781019291208,0.4874246156201287,2.009294012830788,0.0292471802794351,1.417655554789389,0.4008011454791366,0.2748277193487163,-0.1259734261304202,0,0
-0.1692536233587099,0.0242131149277421,0.4240904896690264,1.7141961295236543,0.2181727081781553,1.4599448248424438,0.4005776830553619,0.6305921981120697,0.2300145150567077,1,1
-0.1775524385832097,0.0517206011395549,0.575572345121083,2.3392927218395783,-0.1372755432849356,1.155810677023045,0.4008449899397869,0.0399713592841437,-0.3608736306556432,0,0
-0.1885047748379974,-0.0004791622480994,0.3177411521674038,1.1513284521543403,0.1899077275300902,1.489358011645766,0.4009584077143953,0.0972333904033895,-0.3037250173110057,0,0
-0.1710902233782269,0.0181605649752696,0.2876687808152672,0.989972984767164,-0.0858733289578516,1.5212800686347607,0.4009529120366699,0.652860395370807,0.251907483334137,1,1
-0.1832159099776718,-0.0014450362217669,0.3274237017701288,1.1906620238829155,0.1223297045393949,1.5299646196840928,0.4019433702337637,0.5862011176043952,0.1842577473706315,1,1
-0.1910096639266053,0.03367726953383,0.5055555462706611,2.0785936516173744,-0.18429350847125,1.294654946195742,0.4017200251312483,0.0397973070917858,-0.3619227180394624,0,0
-0.1850727607866155,0.0302697339505785,0.5680179287360647,2.30506663460452,0.0906615743270107,1.4902171579818329,0.4014229867644148,0.2947727754224224,-0.1066502113419923,0,0
-0.1988828710625543,0.0161248911124131,0.2020267215354175,0.7516459314897836,-0.2688464319023096,1.7667798498793987,0.3999904980509527,0.3999906894124503,1.913614975923572e-07,0,0
-0.1597858455604009,0.0342152674886816,0.4260519575355344,1.7293778684045855,-0.0777704478336346,1.3474257187227054,0.4003099725764719,0.6466971599802896,0.2463871874038177,1,1
-0.1768496930623556,0.0345548586760315,0.4133422447184171,1.6458985660164338,-0.1783369505971709,1.364489472414307,0.4000287516139859,0.5569316878010135,0.1569029361870276,1,1
-0.1919137133353302,-0.0178321358077457,0.5901131846299994,2.3661960719554296,-0.1828528331311049,1.4800231931837076,0.4014075977527642,0.0399524418708225,-0.3614551558819417,0,0
-0.1651722164085438,-0.0139119282337799,0.598689318229761,2.446432557203873,-0.0141726521132984,1.637834359346609,0.4016647404532193,0.0399306438598315,-0.3617340965933878,0,0
-0.1599725959298699,0.0101264986253407,0.5525964418977538,2.3658730000996444,0.262265088490803,1.7660050247895238,0.4000482667562842,0.0399312545464867,-0.3601170122097975,0,0
-0.173972351254162,0.0210250743834414,0.3418931420937879,1.2291064061653136,0.3502475407885216,1.329096404953253,0.4009136632118317,0.039974780743573,-0.3609388824682586,0,0
-0.1806444272415977,-0.0217217508346553,0.3770485145123947,1.4452012515218216,-0.0423570888236615,1.695813951671499,0.3995694393433208,0.6507523336600681,0.2511828943167473,1,1
-0.1620595409914116,-0.0295020430199852,0.3506269855576603,1.2592032447183878,0.3582294279573867,1.6384169581559156,0.4015205892371153,0.0399155206385098,-0.3616050685986055,0,0
-0.1790032113138151,0.0038117111940899,0.3345069735798675,1.2142998206761595,0.1771460558776742,1.483973303734928,0.4015209897226139,0.4018922526110879,0.000371262888474,0,0
-0.1768484208683291,-0.0254924510118399,0.3368126702361975,1.2155672311909709,-0.2887432649449371,1.8192002445786504,0.4018024438592028,0.0391282979853215,-0.3626741458738812,0,0
-0.1828170164898719,-0.0230263225068358,0.5607313383992292,2.308782478274105,0.2147029227797786,1.887472916872436,0.4014393814787322,0.15602921744058,-0.2454101640381522,0,0
-0.1769777354227845,-0.0067111461271514,0.4307235901872621,1.756634376035208,0.3895982664076832,1.679986299076528,0.3992402682364726,0.0399645509931364,-0.3592757172433362,0,0
-0.1696611778716544,-0.0164637189069179,0.4643513042909155,1.9324150852935371,-0.0582207626823468,1.6455260804253808,0.3998211118512145,0.645572600845285,0.2457514889940704,1,1
-0.1660050092587511,-0.0235430820942858,0.4114545805094786,1.640432114575366,-0.2024156686971074,1.6976571917779355,0.3985972547195331,0.6439054288729157,0.2453081741533825,1,1
-0.1857338211504464,-0.0369012060526792,0.5021428789829439,2.074381030851663,-0.1803722785222988,1.6683992795019662,0.4015829557844129,0.0399639514404875,-0.3616190043439253,0,0
-0.197831408357779,-0.0147897764638944,0.3060982089739078,1.1237622957872753,-0.1438459666823498,1.714031619280497,0.4007424240435011,0.2640844574736248,-0.1366579665698762,0,0
-0.1712410749525973,-0.0314009935595098,0.3117660844905898,1.0925983692993892,-0.1880517444219762,1.8487509092687235,0.3991948529448625,0.501519417848182,0.1023245649033194,1,1
-0.1786611643704164,-0.0543870715323846,0.3788238185671446,1.4542767195520885,0.2491103274205787,1.837448587236672,0.4016500553115361,0.0395636289620426,-0.3620864263494935,0,0
-0.1779836556777256,-0.0267842318248075,0.4737230963116312,1.9629577884432856,0.1284756333009889,1.773102502287862,0.4012746938766272,0.650706120769067,0.2494314268924397,1,1
-0.1867983459118457,-0.0589578413778221,0.3300723540469302,1.226611539006551,0.0851115726080739,1.84606162514248,0.400484087154931,0.3895548781477771,-0.0109292090071539,0,0
-0.1876664692190799,-0.0197719618231281,0.4700378986464247,1.9471121266722868,-0.3275584204801209,1.5493128690832665,0.3994308436814158,0.0399690415336395,-0.3594618021477763,0,0
-0.16891662827127,-0.0233151039026539,0.5565303320479411,2.337468653244194,0.2250660047874639,1.9196998840605,0.4001726693173023,0.0392914723017909,-0.3608811970155114,0,0
-0.1826474758337078,-0.0250733588985634,0.2159694932620465,0.7604076282947183,0.2238768923099035,1.4779309011558168,0.4016220454537684,0.0398834410043656,-0.3617386044494028,0,0
-0.1693243579666448,-0.0346597389736692,0.4019690125129032,1.5821885997670877,0.0078116178173248,1.7727906480617257,0.4011619502233142,0.651974435887346,0.2508124856640318,1,1
-0.1887640944614561,-0.0641891136167095,0.3785737150907033,1.4552396393049356,-0.3852294532130665,1.9421687278230928,0.3995663085879464,0.0399717093469596,-0.3595945992409867,0,0
-0.1883504364151641,-0.0421156546426234,0.5692157490571182,2.331459020860493,0.2968295021658457,2.062273634792203,0.4004686039334237,0.400350562209434,-0.0001180417239896,0,0
-0.1579769671905108,-0.0460453440548926,0.4903240421002401,2.0734704079572426,-0.0492156056528816,1.8273677276801168,0.3999212705741158,0.6079035765148338,0.207982305940718,1,1
-0.1757068347081812,-0.0654543798237636,0.5401011571193882,2.216550617056006,-0.1038027480084096,1.8494716600671977,0.4015977715413873,0.0399097875616469,-0.3616879839797403,0,0
-0.1723382985863731,-0.0224815725615899,0.5009813688859874,2.102986821652266,0.1410685227516002,1.7831205385852735,0.4007832320274836,0.0682679922452268,-0.3325152397822568,0,0
-0.1595413804686194,-0.021499657814798,0.564195222371636,2.370993305335793,0.0979243752251397,1.8051154708161672,0.4001587363117991,0.0398903416686435,-0.3602683946431556,0,0
-0.1643733334841798,-0.0445055988570247,0.2828160375132566,0.9667118440515864,-0.0629296356880067,1.8785906840041229,0.4005923055631067,0.6498855530586745,0.2492932474955677,1,1
-0.184767871380581,-0.0637815724448437,0.5331017545700039,2.1687098675253256,0.0164578992799949,1.914395317565484,0.4018367278267422,0.0395232156286951,-0.3623135121980469,0,0
-0.1681934777175155,-0.051985216190821,0.207981699877793,0.7269229640539693,-0.1647747377503471,2.0529425840650277,0.4014546806977028,0.3250130782243833,-0.0764416024733194,0,0
-0.1860697362641797,-0.0691686139534142,0.3961964721417543,1.5514950173724442,-0.1218766746857761,1.9290482598699523,0.4015261520219523,0.309903853087249,-0.0916222989347033,0,0
-0.1826061480495103,-0.0402119808922242,0.4505243414259927,1.8428517279971763,0.242408523211123,1.854413548705412,0.4017944831457314,0.0398768277015175,-0.3619176554442139,0,0
-0.1513647280917705,-0.0507187713993348,0.3279831080661572,1.121454507516985,0.3279526442541738,1.7400132979546814,0.4017349374512641,0.0396826880395378,-0.3620522494117263,0,0
-0.1627665147991976,-0.059799707126302,0.3364877912614299,1.1957081150419022,0.351742915683827,1.7880535037735763,0.3997500206407005,0.0399747746816042,-0.3597752459590962,0,0
-0.1723001834845987,-0.0475389628906694,0.4164014044059722,1.6691602650528414,0.3750688539253639,1.8761415071514105,0.3977506042683834,0.0399675106857868,-0.3577830935825966,0,0
-0.169847957499711,-0.0574843527866527,0.5788654270188285,2.3881199921944463,0.2523169066801469,2.157233097203668,0.4011905401687967,0.2862577763477151,-0.1149327638210815,0,0
-0.1547888932718226,-0.049604960819896,0.4464155779362182,1.8623994319899089,-0.3007643742246915,1.7922349717246204,0.3975679630933837,0.6372059635250353,0.2396380004316515,1,1
-0.156483624810737,-0.0731611864027271,0.5664154346148601,2.33781423135771,0.023688753423692,2.0309617600868264,0.4018553329634594,0.0388355854072388,-0.3630197475562205,0,0
-0.158121462772109,-0.0547509593653392,0.4906579637842021,2.0673237084755582,0.0071084333032503,1.9079856191559037,0.4002887312109106,0.4605621608833802,0.0602734296724696,2,2
-0.1756724466788942,-0.0904437105203791,0.4256912498757972,1.7015292427496234,-0.1478224314105567,2.0268845895290912,0.4014779871956929,0.0398836188077764,-0.3615943683879165,0,0
-0.1486539339816064,-0.0666039700642375,0.5240495788807461,2.226922948959967,0.1173018464093064,2.0818880994924998,0.4004903964824634,0.0396097291165524,-0.3608806673659109,0,0
-0.1572418364694237,-0.0788092852353978,0.5767961086282118,2.3609262124822905,0.0653309203342272,2.101211807605316,0.4016447911762217,0.0770221444841502,-0.3246226466920715,0,0
-0.1651493161294308,-0.0978326568730456,0.5758888039574762,2.313552613592385,-0.0466656750171983,2.062796003451717,0.4017843089879959,0.0399346373263409,-0.361849671661655,0,0
-0.149268028442027,-0.0902275609541652,0.2811518129697112,0.9645148157836166,-0.1537027022268304,2.2202556772996456,0.3999303584236546,0.3301497333412578,-0.0697806250823968,0,0
-0.1516990769581796,-0.1002904344628307,0.3480124393625831,1.2704489406764734,0.3789310881695699,2.0408696780362634,0.4012132597567012,0.0399708262075763,-0.3612424335491249,0,0
-0.1589743211223784,-0.0868749420107416,0.2408749559192279,0.8168305922800433,-0.2689311840348795,2.3154361684236155,0.4005645334601023,0.3906783726124138,-0.0098861608476885,0,0
-0.1704561518746558,-0.105355014279775,0.388453241872382,1.5131002765118888,0.0690309834765847,2.1204176739250373,0.4007389539986599,0.3985575975322329,-0.0021813564664269,0,0
-0.137209418825678,-0.0885160573873041,0.2109514565863246,0.707499260208283,-0.0917278077371094,2.250433895869821,0.401812517270741,0.0372479733019618,-0.3645645439687791,0,0
-0.1680296756716685,-0.0793931067405845,0.4050916640983064,1.598286415257118,-0.08493960282378,2.0098656777897537,0.3998556224808616,0.6484835692778048,0.2486279467969432,1,1
-0.1517577414027378,-0.0841147783562377,0.5629684227506406,2.3343723612097995,-0.1412931307621688,1.9429121568228132,0.4007603491514864,0.0399738209858361,-0.3607865281656504,0,0
-0.1492103759521563,-0.1122273257643084,0.5958055468527867,2.382063500199924,-0.0629180502800971,2.149546237938918,0.4018271349008551,0.0398681249278033,-0.3619590099730517,0,0
-0.13334853726376,-0.0847273896647219,0.2308681854044422,0.7487907423537036,0.0690099624945574,2.062764979638614,0.4005885932789842,0.3520534037492936,-0.0485351895296905,0,0
-0.1392798849113371,-0.1017514342002487,0.5508984796472793,2.2975596007318497,0.1347224106977727,2.320592722217392,0.4001993556289119,0.0398749748516068,-0.360324380777305,0,0
-0.1432037798649172,-0.1081732874116103,0.4025324648843957,1.585954953456795,0.3741140120556432,2.2232719684615807,0.3971154280358975,0.039969435664594,-0.3571459923713035,0,0
-0.131002918145501,-0.1089786736872564,0.5091669905115199,2.1412894259798314,0.0478181023164239,2.2953380202136446,0.4004044234372735,0.030725208890147,-0.3696792145471264,0,0
-0.1468822723481762,-0.1330601482575958,0.3058528852657928,1.125683273795666,0.0828856326886622,2.267385448270996,0.4007656188749817,0.1920054366558566,-0.208760182219125,0,0
-0.1372545999818236,-0.0790185506166202,0.237597093250275,0.7683892969973152,-0.0929304087859817,2.188877334119755,0.4013587892508751,0.2258835303507205,-0.1754752589001545,0,0
-0.1318741161511433,-0.0961699216146194,0.3799514361018554,1.4399269822059986,-0.3645983533218594,2.247786598523152,0.400374203688599,0.1816924297449216,-0.2186817739436773,0,0
-0.148331009200147,-0.1357970313845558,0.2930075121759263,1.0625759700931776,0.264589832555349,2.1674572473942564,0.4007004973187207,0.0386227370011641,-0.3620777603175565,0,0
-0.1224926027879225,-0.1082329713868243,0.3270959523713463,1.1441602711088346,0.177201931159065,2.214513209555672,0.4025527417824996,0.6543525995091336,0.251799857726634,1,1
-0.1478720146445735,-0.1408103370954664,0.4604272587225331,1.8596303649357675,-0.0864625975693718,2.3060834043663827,0.401725076483551,0.2588150919621979,-0.1429099845213531,0,0
-0.1265324187401625,-0.1409534160448474,0.4096057356496361,1.6222595926374548,0.1758364674762301,2.419065828547545,0.4019144169746269,0.4015434640839673,-0.0003709528906595,0,0
-0.1450542498797924,-0.1516860956600067,0.5181293555976954,2.09984785887951,0.2379894009580143,2.5155060143089454,0.4007898242451597,0.4007927117734187,2.8875282589435614e-06,0,0
-0.1377076424203108,-0.138418432045906,0.4827602866039239,1.983724580445161,-0.2350804005994727,2.25707394880014,0.401418308579573,0.039965018008014,-0.3614532905715589,0,0
-0.1420415692547422,-0.145678995435329,0.3961037361598215,1.5509007333739535,0.2751004659436684,2.363430876239452,0.4017489551458292,0.0399179993451929,-0.3618309558006363,0,0
-0.1399697865854474,-0.1197679995987103,0.5812706063281461,2.3486209700558485,-0.0314827420879166,2.247578739308432,0.401740392493253,0.0399847323266708,-0.3617556601665821,0,0
-0.1175684227501466,-0.1369407630558944,0.2512837952261711,0.8783559837483522,0.0885995536685987,2.358903356878335,0.4005198867503436,0.3055727206532492,-0.0949471660970943,0,0
-0.1154872143353229,-0.1318678898268559,0.2401614507718209,0.82822923601936,0.0841270491426503,2.345352138310436,0.4007581920848853,0.2726036959838525,-0.1281544961010327,0,0
-0.1267578492594063,-0.1571604682701703,0.5413468548220308,2.198489691839744,-0.2171109048904755,2.3078263240577126,0.4005025904563714,0.0399834195727895,-0.3605191708835819,0,0
-0.1200852198097314,-0.1063778995638056,0.3770317246861721,1.4270136444311317,-0.1478364530230755,2.3170633437102963,0.3972538358707059,0.6454979554545034,0.2482441195837974,1,1
-0.1104265314125688,-0.1288896472098045,0.5901132262537826,2.41342172034122,-0.0334746775667723,2.39567286955819,0.4012805752364194,0.0399712891769981,-0.3613092860594212,0,0
-0.1199112385804565,-0.1160427191384998,0.3626188318910259,1.3498209015586828,0.0728672917787188,2.323447548364136,0.400312772418515,0.6508064334610761,0.2504936610425611,1,1
-0.1255929358476076,-0.120016925018031,0.4817824140366434,2.0304629591109693,-0.2835124860157008,2.195895086163121,0.4015147756233267,0.0399736022690775,-0.3615411733542491,0,0
-0.1265562284583181,-0.1299904383950738,0.3605356280810429,1.3513914274502226,0.216728857881473,2.3216647512106885,0.4022197476602414,0.3673472790268671,-0.0348724686333742,0,0
-0.1181817244316663,-0.158097760641334,0.5329355304411061,2.165863790983769,-0.0836703107902597,2.443166848805678,0.4011187034848714,0.0399818889185444,-0.3611368145663269,0,0
-0.116361032725955,-0.1754275595984896,0.454484180991478,1.844614533168338,-0.3855117256247964,2.4506971787084053,0.3994644784569756,0.0399770778329277,-0.3594874006240478,0,0
-0.1130825482631164,-0.1264985629920276,0.2312729478580765,0.7869792021706555,-0.0494884994453939,2.4614060348068123,0.4018478100008802,0.039015534573861,-0.3628322754270192,0,0
-0.1149307778601487,-0.1725562710471029,0.3422451238024458,1.29388980802741,0.1921378032401386,2.4997997997717563,0.4012179603902445,0.0395272363960514,-0.3616907239941931,0,0
-0.1153203596950139,-0.161603081252965,0.553646174857181,2.2404943934283583,0.1677421721973909,2.6532238223340445,0.4011797572474263,0.3852931324578514,-0.0158866247895749,0,0
-0.1054743526245317,-0.1254009001903582,0.3508665119187959,1.259225799119449,0.3570907920802131,2.3301857380187703,0.4015529540831009,0.039955380110796,-0.3615975739723048,0,0
-0.0974121465962691,-0.1453918010207037,0.4826092591599399,2.041867132158228,-0.346519509952593,2.380006255068268,0.3980286478596961,0.0399813701897493,-0.3580472776699467,0,0
-0.1049569852737933,-0.1674966333110994,0.3338019495541136,1.245575114279284,0.1106052374188363,2.544625970225516,0.4007378363625777,0.3894190461350951,-0.0113187902274826,0,0
-0.1022854431906812,-0.1591378504617616,0.5587419450681068,2.296724986061194,0.2523830791293455,2.7884541032122137,0.4011420111478734,0.3302930612991183,-0.0708489498487551,0,0
-0.0977865943697708,-0.1787055954040449,0.3194831795793285,1.1684443250722405,-0.351948939050794,2.786572716274355,0.4018262760257384,0.0399245713484897,-0.3619017046772486,0,0
-0.0973885114544295,-0.138818575234553,0.479837011731431,2.012111576223535,0.0739424218945951,2.5647091305893364,0.4005982360750891,0.6522959832389453,0.2516977471638562,1,1
-0.100531002783778,-0.1765111608521903,0.46453467277284,1.902481090673076,-0.3768595514671838,2.4977970019428195,0.4002835125862778,0.0399605600627925,-0.3603229525234853,0,0
-0.0836256726788209,-0.1346250693645111,0.2011138913094549,0.6581953804670522,-0.1512471897582,2.77819993427586,0.4012532452123221,0.234456932783132,-0.16679631242919,0,0
-0.0967708136598973,-0.1811342025775931,0.3162763547073963,1.182050630157913,0.0893102944451446,2.6144068805815643,0.4003663414952048,0.2960900646934707,-0.104276276801734,0,0
-0.08609163003139,-0.1817874683111461,0.3912136977397522,1.5263628737483692,-0.1875229647587822,2.7075890664623667,0.4015550127338575,0.0399436962555905,-0.361611316478267,0,0
-0.0761309017504542,-0.1219407375026814,0.4622420059389964,1.9812770803747388,0.0929066677523205,2.623830598230416,0.4030553771845342,0.6535656289804795,0.2505102517959452,1,1
-0.0852680795491761,-0.1663829447242234,0.3401971069983001,1.2427525125264478,0.3313689447509291,2.5577338535388034,0.4018930730724209,0.0399604790552365,-0.3619325940171844,0,0
-0.0725009846415646,-0.1585878289263005,0.4050532647947902,1.600054846239412,-0.1402087895977415,2.708705288575291,0.398593484314185,0.6455664792646074,0.2469729949504224,1,1
-0.0787329967726818,-0.178973765599951,0.2942050473693672,1.074812570651141,0.0077103771436186,2.722986060401818,0.4012838847166216,0.3887656112539265,-0.012518273462695,0,0
-0.0792681434059898,-0.1651055089507424,0.2820346567755188,0.9815951626992548,0.2265664008270473,2.5449551934567065,0.4004753410198038,0.0440115270076754,-0.3564638140121283,0,0
-0.0725763432480108,-0.165551366909761,0.5156505029292444,2.140019271784857,0.0129196484869978,2.736700633642377,0.4007330695321837,0.1174457346309283,-0.2832873349012553,0,0
-0.0679772573262933,-0.1300476926241023,0.2513255022619939,0.7638788795042682,0.1702607745464026,2.484860257140123,0.4011030343847966,0.0399612883220118,-0.3611417460627849,0,0
-0.0692717729614444,-0.1456268645776368,0.4831281532153887,2.0649106724019477,-0.261015183108152,2.5594611605995654,0.3984994095884928,0.5611600391380297,0.1626606295495368,1,1
-0.0680974345318383,-0.1493768016118851,0.2861201337303931,0.9616180735405846,0.0881023645519315,2.652550004427945,0.4002764527935332,0.6505294027803966,0.2502529499868634,1,1
-0.0664359126902339,-0.1618570783040694,0.2439292076700073,0.8291346208698998,-0.1709063560277343,2.906671800245513,0.4012072020232308,0.0965906791452429,-0.3046165228779879,0,0
-0.0693336124967917,-0.1820041611583833,0.4775428602996486,1.9515689605218691,-0.0967442548722924,2.738971946340202,0.4009498259064487,0.0396143262448066,-0.3613354996616421,0,0
-0.0672980504838425,-0.2082309779983509,0.5075951824798527,2.043411713958285,0.2485873848135086,2.954130038752816,0.4003702279576759,0.4003196360091465,-5.05919485294104e-05,0,0
-0.0567077844042706,-0.1530883275468076,0.3158294319033085,1.0838681100475769,0.2034986247620274,2.680244232831214,0.3985510637702737,0.637582328637375,0.2390312648671012,1,1
-0.0621406641684703,-0.1814982737465276,0.5507665006564302,2.2374324065157305,-0.0376406533808422,2.782126145899303,0.401590265071171,0.0398752522003473,-0.3617150128708237,0,0
-0.0615758154893255,-0.1957095466187987,0.5525135934864791,2.210432616844796,-0.0327123139917847,2.8124415829106013,0.4018927632923528,0.0397962172428206,-0.3620965460495321,0,0
-0.0498793873323985,-0.1900538883568499,0.5017998816459823,2.0765560859266943,0.3190812962457031,3.0569411120221672,0.4018639174474358,0.039719012913169,-0.3621449045342667,0,0
-0.0507120566587611,-0.1422839064072299,0.4104145088673551,1.6423194189975978,0.2746507203588512,2.818643334122904,0.4042551218356288,0.486731051937264,0.0824759301016352,2,2
-0.0440127083236187,-0.1374291211895998,0.2387586903845937,0.7001126711093457,0.2269547457773225,2.57066619970943,0.4002226782259874,0.0399735931067386,-0.3602490851192487,0,0
-0.0517811223753174,-0.1897406064334014,0.4322901961941194,1.738291211555816,-0.2381406131789734,2.835311352889656,0.4007814414065771,0.0399525539231598,-0.3608288874834173,0,0
-0.0423933522852104,-0.1441880520033644,0.5135137922200748,2.232881446104213,0.1984272882614222,3.0080954064028083,0.3995708599827164,0.0390976318860239,-0.3604732280966924,0,0
-0.0436154108158954,-0.1964526734518211,0.5385380481693547,2.1824475609835936,0.1581733961219806,3.0331528761968127,0.4011477949232642,0.3919227502115133,-0.0092250447117509,0,0
-0.0376816421155911,-0.1813949045290833,0.4721272456804294,1.9525874047127805,-0.2297779603746004,2.8455826313229564,0.4002356281012318,0.0399780332293131,-0.3602575948719188,0,0
-0.0360806857237352,-0.1373146851897407,0.2074152557729127,0.5995501623322234,0.2242727154024899,2.5700560774929446,0.3990437674438164,0.0399789569079544,-0.3590648105358619,0,0
-0.0385148946337706,-0.1927547703707028,0.496883164154293,2.053827012294548,-0.311604876766323,2.784946518480922,0.4008921547266739,0.0399711182603671,-0.3609210364663068,0,0
-0.0300949179275097,-0.1401643944764662,0.33137383571786,1.1192537150849282,0.1449318645338593,2.8601660806873994,0.3997080418043353,0.6535228795683143,0.253814837763979,1,1
-0.0336271675146919,-0.2078013500000971,0.3739448937604708,1.444150855967041,-0.2349472312797854,3.010791640813001,0.401893098258592,0.0397237219560516,-0.3621693763025403,0,0
-0.02883830154828,-0.1712065594512584,0.5913471943569181,2.439778754782215,-0.24653150149636,2.693685290804434,0.400450260672606,0.0399866821872665,-0.3604635784853395,0,0
-0.0266646283335025,-0.1692420631782023,0.4899274822293915,2.082772964023708,0.3218218407326978,-3.1219542136649068,0.4016223719800377,0.0399636431303623,-0.3616587288496754,0,0
-0.0224173895433193,-0.1617495766544121,0.4779748616327832,2.039388104210072,-0.304145254520877,2.85342780592258,0.3928490389459923,0.0399512375840221,-0.3528978013619701,0,0
-0.0240130588138815,-0.2055976499551053,0.3819533056865829,1.483199420068992,0.120110175149907,3.014800657191289,0.4004316647098002,0.1678842036185696,-0.2325474610912305,0,0
-0.0189405697939863,-0.1531593740649074,0.4886677959813135,2.123914261486254,-0.322995974513152,2.8250346028895588,0.3998415550728834,0.0399555390913569,-0.3598860159815265,0,0
-0.019529376780271,-0.2121637043500994,0.5288911972507189,2.1156091594993107,-0.050130543757573,3.0194463237637312,0.4018933646390356,0.0399024305468719,-0.3619909340921636,0,0
-0.0171183906001376,-0.2013973410066169,0.3582602219953369,1.3663875498336713,-0.0859419344368391,3.0745907154615426,0.4002999471304532,0.3293755558148593,-0.0709243913155938,0,0
-0.0131502298208698,-0.1535110557803466,0.4852480785741833,2.111143794404206,0.344942801247078,-3.026910206655495,0.4018967189433832,0.0399770358949888,-0.3619196830483944,0,0
-0.0101184611088671,-0.1565904462584837,0.4580320304123972,1.9268603714159007,-0.0994493405830167,3.0401558102934176,0.399382182870823,0.648475457446773,0.2490932745759499,1,1
-0.0096587254156387,-0.1647363569855806,0.2477741580306439,0.8192553725792315,0.1177153610534093,2.9737171179019506,0.4006500555752986,0.310767311239448,-0.0898827443358505,0,0
-0.0061349184797504,-0.1576951577308231,0.4377538798507231,1.806609217691996,0.0911145029322843,3.1245681579637754,0.4023747836258597,0.6535426586791573,0.2511678750532976,1,1
-0.0050024178667802,-0.2047128901580018,0.4138480416208965,1.6390205663814197,-0.1433675362274656,3.1073988299679085,0.4018023634703084,0.0398694409243636,-0.3619329225459448,0,0
-0.0020433554650082,-0.1879355665211774,0.4777321689939748,1.9784314650339985,0.268939082718553,-3.038225331160227,0.4017224016711254,0.0399075167362307,-0.3618148849348946,0,0
-3.407546935707545e-17,-0.2024801204021495,0.4196783947236259,1.6739000488943532,-0.3485933819961194,3.1062641923466043,0.399945437185329,0.0399690902458413,-0.3599763469394876,0,0
0.0021860454210847,-0.1950334335855741,0.5781007383882227,2.3352945831682552,-0.2277449166393883,2.939557440561779,0.4011664038478362,0.0399500964810732,-0.3612163073667629,0,0
0.0043625424147861,-0.202395234062207,0.4206692656239552,1.6793991598509936,-0.3565762784568791,3.125102778746424,0.3998552528023318,0.03996846940843,-0.3598867833939018,0,0
0.0069171467268694,-0.1688993831695656,0.3278859808594175,1.143066579766176,0.3302381091209696,3.035760675320111,0.400820971810732,0.0399793870414212,-0.3608415847693108,0,0
0.0081940793062877,-0.159908536929177,0.3304206359134155,1.160699372214368,0.0275955800845882,-3.102390166375309,0.4019955293505778,0.6563424583445903,0.2543469289940124,1,1
0.0115881574396853,-0.1628632466032609,0.4064205799460769,1.6111384999209766,0.2273363646241607,-3.061462588874381,0.4031964280772858,0.5999862269092544,0.1967897988319685,1,1
0.0132290640891415,-0.1815554282640548,0.589669386285551,2.3776191572937657,-0.0413893704595651,-3.1120189110304515,0.4017490979163301,0.039966539577274,-0.3617825583390561,0,0
0.0157699252449211,-0.1688138049324511,0.5060903431312235,2.1485593596260912,-0.2404534054434987,3.080704764818297,0.4001624479131089,0.0397491499329531,-0.3604132979801558,0,0
0.0197328083541729,-0.2054101069602232,0.4826754894591492,1.9541999908380197,0.1078149055554842,-3.0024438090147942,0.4009562787294196,0.0623291321071515,-0.338627146622268,0,0
0.0198737266292687,-0.1693705931678449,0.4634532834505944,1.951873432686242,-0.35499718269407,3.120021998730212,0.3916557599616607,0.0399669214900527,-0.351688838471608,0,0
0.0235979991638599,-0.1866705575799983,0.3650253801960912,1.3852879607122326,-0.1357015811520609,-2.9904614228191053,0.3989246053614413,0.6506270936667884,0.251702488305347,1,1
0.0245186122145155,-0.1768243903329999,0.5526619807809798,2.302311691080151,-0.2331302816216961,3.0748942565295225,0.3999221046688674,0.0399726969393533,-0.359949407729514,0,0
0.0293963469466709,-0.2209235333559031,0.3983295101169797,1.56289555093425,0.3218132771069885,-3.0118075759931844,0.4009087036264633,0.0354748086976334,-0.3654338949288298,0,0
0.0303562145220292,-0.2040521210601164,0.3524819758709878,1.3398996458503896,0.1962040847480989,-3.039706892980453,0.4012030159643449,0.0399543005570221,-0.3612487154073228,0,0
0.0341324922019592,-0.1915895148269278,0.5490182180697765,2.237376024881299,0.1830701165793783,-2.823036821305534,0.4011583244346691,0.3785803585530983,-0.0225779658815707,0,0
0.0346207622762069,-0.1802414041832441,0.564192453330685,2.300640734940665,-0.0063337925917852,-2.957490472486826,0.4018185465970703,0.0397928128032276,-0.3620257337938427,0,0
0.0359569636656585,-0.1878516752106426,0.3534998379062538,1.314346375758613,0.372629751808454,-3.047647006166664,0.4018756735869273,0.039966569097658,-0.3619091044892692,0,0
0.0344074762365581,-0.1794361562709418,0.2689583591614337,0.9482039032101528,0.0332276003573173,-2.975981749809003,0.4012766646994699,0.385952449524063,-0.0153242151754069,0,0
0.0374888279261881,-0.1846930795731876,0.2526478726381855,0.9033389745552548,0.0991524314293804,-3.0191929375649016,0.4008117852358789,0.2763977408847584,-0.1244140443511204,0,0
0.0407657084398712,-0.173591383231789,0.3386609289991965,1.229187512233695,0.2414326447525459,-2.995740524152713,0.4014032341014254,0.03248282267601,-0.3689204114254154,0,0
0.042714551719617,-0.1613738899399177,0.4696467402686323,1.9875022531811783,0.3132915948032193,-2.7472563929290623,0.4018966663970297,0.0399469472939048,-0.3619497191031248,0,0
0.0513702304845654,-0.1652942484579565,0.2815399155785761,0.9501362077688372,-0.2409213342456253,-2.671326367746545,0.3996774531587505,0.0393806940774686,-0.3602967590812819,0,0
0.045881644396019,-0.1858296188499325,0.3421517833451007,1.2772925779084725,-0.0081256609087205,-2.8970764848892103,0.4009041027241989,0.6506605572080659,0.249756454483867,1,1
0.0467791271809846,-0.1360907418882669,0.3584152935035599,1.2859896782831877,-0.1547930765044023,-2.76540335004807,0.3959120832153088,0.6440921704194794,0.2481800872041706,1,1
0.0586783955149229,-0.2184551080377148,0.3266629456613037,1.2570485515050238,0.0372936200592027,-2.891277389221273,0.4013716865821857,0.291867274969495,-0.1095044116126906,0,0
0.0530513791839106,-0.1785937141099158,0.4408412987853316,1.8007205885740485,0.3494366559338658,-2.7728787724522617,0.4013153246043108,0.0399708030656558,-0.361344521538655,0,0
0.0563823115246625,-0.1475882605628083,0.3623554093993657,1.3351783333395877,-0.1194176550144415,-2.748084241756672,0.3982611184738717,0.6468412718834753,0.2485801534096035,1,1
0.0663595487093924,-0.1890713946217203,0.4931400173433298,2.0211476865864446,-0.2522200708795116,-2.9241247379840174,0.4013425638627279,0.0399035316774225,-0.3614390321853054,0,0
0.0587883440511505,-0.1797705185318473,0.3263430743075877,1.1824017821289936,-0.2900293647423799,-2.709048315678264,0.4009698031704823,0.0357553774456099,-0.3652144257248724,0,0
0.0642468425414318,-0.1521263577346268,0.5293306657579555,2.271076869935908,0.2950530859300626,-2.5016570663075,0.4018504352629338,0.0399633127667592,-0.3618871224961746,0,0
0.0625191762858325,-0.1583342992769043,0.2782501669166535,0.9488374098495272,0.0554187804513935,-2.8052158959433178,0.4012307930281155,0.395233848145982,-0.0059969448821334,0,0
0.0738977021600413,-0.1545806547338196,0.4262204811567884,1.7274629911511898,-0.2474406438763891,-2.734325744507224,0.3985242005578794,0.3848623041608969,-0.0136618963969825,0,0
0.0651794995646722,-0.1590717770336602,0.5974937197814179,2.459284563394891,0.2378084720090151,-2.4705069841210987,0.4010516792698086,0.3638483720001253,-0.0372033072696833,0,0
0.0757438212904,-0.1531329133239402,0.4647610589613718,1.9357077489479424,-0.1162342000209082,-2.726526987262346,0.3990607005477171,0.6456893852927394,0.2466286847450223,1,1
0.0806848496631266,-0.1889040868709146,0.2819786472479013,1.0492801653332522,0.0076439099434129,-2.742319131301282,0.4006962540935412,0.4017213384363139,0.0010250843427727,0,0
0.0720326064246102,-0.1716174333302831,0.5743481770557168,2.333496106009554,0.1447848959131716,-2.607185748306739,0.4011953728274943,0.3887837603058304,-0.0124116125216639,0,0
0.0830985789052912,-0.1435272706150037,0.5510487754753843,2.323041271114358,0.1706773891506955,-2.459150051273898,0.3997060967343769,0.0394541302142958,-0.3602519665200811,0,0
0.0846826759973323,-0.1955990823207735,0.2691485844819579,1.0197855741018922,-0.0371698911780215,-2.7101843033126687,0.4018819001659462,0.0392389315368699,-0.3626429686290763,0,0
0.0877408321232271,-0.1838627497880275,0.2472103023185792,0.9031080384963592,0.249572306906559,-2.888687310386904,0.401609345120606,0.039883274492209,-0.3617260706283969,0,0
0.0773923495508196,-0.1591974370969677,0.2182246938742287,0.7615657466022137,-0.1424038917776121,-2.541324581892273,0.4016873833476141,0.1243760897283183,-0.2773112936192957,0,0
0.0789835687122088,-0.1536354869892448,0.2989566884841499,1.020189690288195,0.2653799890010959,-2.826382433037568,0.4009966910300816,0.0395701606452243,-0.3614265303848573,0,0
0.0953636905107107,-0.1925550940505895,0.4548568833917022,1.827475698666408,0.2269234870905944,-2.6227669358693984,0.4015374936238489,0.0373743795580697,-0.3641631140657791,0,0
0.096904286338019,-0.1678735704669647,0.3922888802275968,1.5298558740572534,-0.2405600914532373,-2.608313255676425,0.4004715737777651,0.0399751086977936,-0.3604964650799714,0,0
0.0922706343242489,-0.1384280703071433,0.4467698053285252,1.846371284053464,-0.1035972701248948,-2.582897227843174,0.3989792892107886,0.6461840890922457,0.247204799881457,1,1
0.1049904640510196,-0.1692985102080795,0.3314323175742428,1.2192921559742775,-0.3324558680468113,-2.467365857365993,0.4017699824786158,0.0399785334766164,-0.3617914490019993,0,0
0.1025251165845094,-0.1555886483669832,0.40697675407918,1.6088954261221389,0.1883107580902618,-2.551815988010162,0.4023156808401005,0.3853663733028195,-0.016949307537281,0,0
0.1053872794357105,-0.1800593811281421,0.3131178564336174,1.1509088659374913,-0.3391770889448104,-2.4646014810837835,0.4014635026625569,0.1046683370916566,-0.2967951655709002,0,0
0.0980313202104093,-0.1417429900008974,0.4523264188380186,1.881691940498716,-0.3184960743828481,-2.636796403386816,0.3835804992026617,0.0399059626033352,-0.3436745365993264,0,0
0.1052093664565131,-0.1238235947463645,0.2933972086029144,0.9856391284296704,-0.1169680369692108,-2.36012075226151,0.3990581595756634,0.652570498964087,0.2535123393884236,1,1
0.0979034361302183,-0.1454821922374503,0.4894682006891315,2.0478372830411344,-0.1429180805074974,-2.622731362426331,0.3993743517264416,0.2910826194853704,-0.1082917322410712,0,0
0.1083945681906342,-0.1458505180788769,0.2814971495553899,0.9838817593058484,0.1653957628150601,-2.6115332647749594,0.4005860354565914,0.1812466291605205,-0.2193394062960708,0,0
0.0979791171552652,-0.1555385035910138,0.3023535569872934,1.067083646148724,-0.2376632996782291,-2.4504190327721256,0.4012648853550111,0.0383853758822578,-0.3628795094727532,0,0
0.0987152871695516,-0.1281558290856855,0.5355927710821907,2.275488437539348,0.1294222719979972,-2.375932289140024,0.4003557463520649,0.0394764055258479,-0.360879340826217,0,0
0.1112737836008437,-0.1685926956748126,0.5719446968986355,2.308022620784121,0.2683494521672937,-2.3219532517139103,0.4000317219414344,0.4000882252482987,5.650330686429728e-05,0,0
0.1008825176902943,-0.1007600990618201,0.4330112751504099,1.7990348966824634,0.0789774615702862,-2.3372631117133817,0.4029805068504358,0.6545793581353896,0.2515988512849538,1,1
0.1187029445054199,-0.1513950728728078,0.2373683842415281,0.8414346725948898,0.2505420982545292,-2.694714214896369,0.4015306988647366,0.0398895247757574,-0.3616411740889791,0,0
0.1243848287134522,-0.1726470114614604,0.4109265095418543,1.6224028735740466,-0.10825268155402,-2.5228489479735265,0.4018690394566204,0.0393126443118483,-0.362556395144772,0,0
0.1174285433983981,-0.1289313515567977,0.2276979965325915,0.7812463059189328,0.1425923955666706,-2.5451775342328005,0.4017891897529732,0.0395387397419477,-0.3622504500110255,0,0
0.1268626262907013,-0.1263183990760789,0.3856623520969913,1.4907467296586372,0.0576723020014284,-2.3586685724608176,0.4009895406573005,0.6516605097339483,0.2506709690766477,1,1
0.1223587036816984,-0.1037624704374697,0.3655510798348897,1.3586447154654864,0.0769174029697869,-2.2906884964679417,0.3995310935555403,0.6462059247687021,0.2466748312131618,1,1
0.1217761461701017,-0.1149580333734079,0.20024303967707,0.6912874605413033,-0.103184584376562,-2.203565795124959,0.4018601616195319,0.0369759156727786,-0.3648842459467533,0,0
0.1325116462558291,-0.1316446564225428,0.4198119981598202,1.677012660986509,-0.1011137382243208,-2.363674099527856,0.3994262098400309,0.6477462367613802,0.2483200269213492,1,1
0.1300982418412788,-0.158807549807745,0.4140957060881681,1.6402755333934982,0.1632820190781403,-2.4439297969040217,0.4017682189131885,0.0398276753829399,-0.3619405435302486,0,0
0.1259561650458006,-0.1014386119454089,0.355111604240633,1.299372109988434,-0.0698439657504455,-2.229371239071919,0.399388327549062,0.6492731628249605,0.2498848352758985,1,1
0.1297963066322434,-0.1454740767974988,0.4317636713623506,1.7348579292281625,-0.1760200096571848,-2.4420687750819217,0.4011700133231488,0.0399607652165754,-0.3612092481065733,0,0
0.1236346336960126,-0.0967358896405432,0.5127593238737755,2.2326288914600365,-0.3198627296858782,-2.4749635698198165,0.3990083799604046,0.0399802238308635,-0.3590281561295411,0,0
0.127424646889089,-0.1250547411746937,0.5786708779799068,2.3645486613287563,0.1256294713505263,-2.2200804968668044,0.4014837108650679,0.2212203499077185,-0.1802633609573493,0,0
0.1338766535844829,-0.1175420927117421,0.570308072100479,2.350757458737165,0.186866939042789,-2.109571903740647,0.401559545449702,0.0718161534910844,-0.3297433919586176,0,0
0.1367637238066221,-0.1429811928935886,0.2866775948492193,1.0453983995521592,-0.1349093960071117,-2.3005967802184224,0.4004897783962308,0.3926654762674518,-0.0078243021287789,0,0
0.1268571620682004,-0.0783345138917836,0.4080625436199771,1.627325785255313,-0.2986687034511636,-2.1406351848655176,0.4000132452896087,0.6446951070395162,0.2446818617499074,1,0
0.148934888194911,-0.1490377226182496,0.5564070212558331,2.2108032102587245,0.0621132058614825,-2.3103556019117177,0.4013393683654546,0.2613040226803456,-0.1400353456851089,0,0
0.1334288847639467,-0.0966235774057921,0.2293109117041198,0.7674238822898883,-0.0215852553190487,-2.1751822020489766,0.4013534012417181,0.3319952055479211,-0.069358195693797,0,0
0.1284553036619059,-0.1064839970889553,0.3032549559773437,1.0337301491892457,0.1981628011475813,-2.37963892780255,0.4006033065371841,0.3552108860716884,-0.0453924204654956,0,0
0.157860432735542,-0.1295303497604354,0.3216500953407558,1.1870281335001347,0.2951527720244535,-2.374855866874554,0.4004712812867808,0.0375088863455147,-0.3629623949412661,0,0
0.1486086513768402,-0.1041557579742286,0.2071854960467863,0.7160298332169137,0.2644249881132529,-2.473916590158101,0.4018356707038844,0.0398747036980206,-0.3619609670058638,0,0
0.137938466949034,-0.1032367890948656,0.3262971514233357,1.1461887878743866,-0.3021434572789032,-2.0795592295784444,0.4014686062918136,0.0385008357038164,-0.3629677705879972,0,0
0.1577025501429896,-0.125491479299821,0.3102188295143218,1.1493339606037347,0.1030356172535293,-2.2890184607881903,0.4005017929504654,0.2582181961984677,-0.1422835967519976,0,1
0.1537769556581623,-0.1209083262391724,0.264117943886228,0.9515062696627368,0.1854948556797867,-2.3678223236068217,0.4014956056736947,0.0393456319305384,-0.3621499737431562,0,0
0.1552074775417415,-0.0973975823554573,0.3739708572171597,1.4291787144517851,0.0845827251530239,-2.143258184912232,0.4008638720038924,0.6516868259191335,0.250822953915241,1,1
0.147157659982849,-0.1228996360258337,0.5885254838745217,2.3622470560348674,0.1699400851198405,-2.097069629676015,0.4008277617110669,0.4003929262774087,-0.0004348354336581,0,0
0.1654834069420659,-0.1206801904411698,0.5267125243281809,2.1258903460489385,-0.0584067391002821,-2.237073919272743,0.4016296240731261,0.0399187341390722,-0.3617108899340538,0,0
0.150252409821909,-0.0720006211806071,0.2786606456987733,0.934327630801217,-0.1381145147694493,-1.9162610962622624,0.4009676805305787,0.6356095681486732,0.2346418876180945,1,1
0.1376834760104337,-0.0901228628428165,0.5181386813475933,2.1991490103882056,-0.1254681246542985,-2.2410505877307227,0.3999872717740962,0.0396478262675519,-0.3603394455065443,0,0
0.1526486008343795,-0.0966177867156932,0.3383480343278245,1.237619662358574,-0.1579092623281798,-2.0807183793230357,0.39889812493086,0.6153917588392328,0.2164936339083727,1,1
0.142140944326382,-0.0710851158234276,0.5436000956051448,2.343829309181661,-0.2835358125610299,-2.3009558404527017,0.4006164339063931,0.0399655097851556,-0.3606509241212375,0,0
0.1617163897546824,-0.1126118251857215,0.3752006381224413,1.4432521580646314,-0.1920409732673623,-2.1545996857037024,0.4002951625668455,0.1216297324861419,-0.2786654300807036,0,0
0.1761992786373602,-0.0722920127541539,0.5317781142677418,2.1817034764513403,0.1269575442874372,-1.8717033583668268,0.4017501419404851,0.0391243506971725,-0.3626257912433125,0,0
0.1518531064115527,-0.069734517237966,0.3074651205176961,1.0648447236754837,0.0280520232265481,-2.0168330006150703,0.4000241042662961,0.6497903974345693,0.2497662931682732,1,1
0.144683679234422,-0.0443231217579849,0.363688025492618,1.3263343310252993,-0.2688023123927267,-1.801912109495185,0.3999565863485859,0.6606276721543651,0.2606710858057792,1,1
0.1729883629572615,-0.0665139596496302,0.4905604598976561,2.025707941045576,-0.0404737611868876,-1.9576580451095025,0.4000702496585029,0.3132673049435313,-0.0868029447149715,0,0
0.150403333850744,-0.0783942771075063,0.5510758770819496,2.300249116747639,0.0631300889065649,-1.9949440740576616,0.4002242503046211,0.0398102481918055,-0.3604140021128155,0,0
0.1638193355344855,-0.063898006989434,0.4920219014476247,2.0536927518685344,-0.0539156956606334,-1.9709438611593049,0.4013887672942171,0.3830695964332965,-0.0183191708609205,0,0
0.1812314298421577,-0.07007389699238,0.273539543266814,0.957188090576794,0.3260912172833783,-2.161647939206119,0.4017913441842108,0.0398791608824557,-0.3619121833017551,0,0
0.1659837412025604,-0.0610982025264733,0.246531610925813,0.852630899265333,0.0895367205639117,-2.001478568159355,0.4000367182942674,0.3538319975820226,-0.0462047207122447,0,0
0.1561149178909665,-0.0781443590874859,0.259835470345202,0.8872798954747669,0.1316842851215607,-2.14143039845978,0.4001923321635502,0.2594644791450617,-0.1407278530184885,0,0
0.1718864321834938,-0.0970780149916914,0.3281752991972774,1.20471325804583,0.3005550746516822,-2.197927464140161,0.401345663627307,0.0399246081809359,-0.3614210554463711,0,0
0.1842334189873044,-0.0573902317704607,0.4770072176243057,1.9727926375483844,0.3260067566455788,-1.7374505190558815,0.4017168655155836,0.0399856240375911,-0.3617312414779925,0,0
0.1734218065547828,-0.0466709867493605,0.5986627452973732,2.4148626489920395,-0.1217900409872733,-1.9694963127116336,0.4012487625395405,0.0399741108069717,-0.3612746517325688,0,0
0.1860743535401005,-0.0429895664309316,0.3767809862522244,1.4425213442238516,0.3378425423473021,-1.8405725776686213,0.4015871480844558,0.0399520189463992,-0.3616351291380565,0,0
0.1622962156584791,-0.0715195937733346,0.2696651053222137,0.9337146041561144,0.0949545571430478,-2.0559148104266685,0.4013077402983889,0.3672369151395236,-0.0340708251588652,0,0
0.1650979359775881,-0.0682608845517946,0.2607924074249359,0.9006478323919882,0.1443501992394341,-2.0763594613030203,0.4004229174047717,0.3317505526439037,-0.068672364760868,0,0
0.1675969780914413,-0.0813389374317818,0.2240959619281304,0.8124183176050195,-0.0591047608267575,-1.9667318737417017,0.4018922901880526,0.0398004080810867,-0.3620918821069659,0,0
0.1707630870809841,-0.0598191674191249,0.5068652250829634,2.1074247821609347,0.1027545611332256,-1.8468016989078504,0.400227168597129,0.0457342981031223,-0.3544928704940066,0,0
0.1768328267482579,-0.057111655585699,0.3153387602054645,1.116950022655673,0.3312448380543957,-2.0405246885708967,0.4016251886750561,0.0399203361711787,-0.3617048525038773,0,0
0.1622077776742042,-0.0716820534077754,0.2192081479234095,0.7729850802733587,-0.0736691005074555,-1.9115961671908013,0.401890321636492,0.0393494183257673,-0.3625409033107247,0,0
0.1561881985435838,-0.0496926983725648,0.5053905818769691,2.146475331415317,0.1143894928978832,-1.8048853163671064,0.4002268259483932,0.2052936112420887,-0.1949332147063045,0,0
0.1657590501150745,-0.0476870213872996,0.5282895250741222,2.21662239426209,-0.1297010059670485,-1.9480873645481056,0.4014935558090041,0.0399591876637604,-0.3615343681452437,0,0
0.176200464739732,-0.0157232296819123,0.3114767333980461,1.102102824385339,-0.1366725694542329,-1.5909194628121004,0.3991792630005845,0.4809778520842878,0.0817985890837032,2,2
0.1710800576413936,-0.015305918377379,0.3942473376755197,1.5359941304381548,-0.2765543150691448,-1.6505193102584492,0.4045516374752975,0.4017525036500749,-0.0027991338252225,0,0
0.1591083682031862,-0.0133253445560886,0.4252707193625481,1.7397135827216297,0.3767078121294506,-1.5916976226209276,0.3948900979378817,0.039943571467418,-0.3549465264704637,0,0
0.163073183039802,-0.0431603096727161,0.312400340824326,1.091296158600447,-0.0452550806987671,-1.8060131811787283,0.4014697580280325,0.6541357579992741,0.2526659999712417,1,1
0.1902637792113153,-0.0260287214167669,0.4670610325097392,1.9308296400495468,0.3602818018272585,-1.5748169621110826,0.4018057253862142,0.0399445575553191,-0.361861167830895,0,0
0.1588902762186154,-0.0351461344643122,0.3012644838374801,1.0254325775971564,0.0028201887387971,-1.7901996327014127,0.4008633241328361,0.6511901791873274,0.2503268550544912,1,1
0.1381756345064574,0.0153722329379421,0.3088698205892026,0.9841198133600448,-0.1396573609366144,-1.3677273034781032,0.3967216525206711,0.6449363998302889,0.2482147473096178,1,1
0.1368672488838285,-0.0121668830697292,0.4232712415130608,-1.84823834071642,0.9151721933570158,1.260114145851214,0.381755845447973,0.0394927087149372,-0.3422631367330358,0,0
0.1984942045541852,0.0511264486274877,0.5743619377794087,-2.296903814587849,0.2201451974201963,1.6313659920661705,0.4000892835563104,0.4001205444015256,3.1260845215208555e-05,0,0
0.1207931806065995,0.0378844209729519,0.4620951910052482,2.462345272451626,0.9691409635251658,-0.4710770345833638,0.3795883156527729,0.0382359871561591,-0.3413523284966138,0,0
0.1412800986027647,0.0921798332748662,0.3134340690178231,1.096677688331485,-0.0006670598323953,-0.992350355045099,0.3987850112134897,0.6490846473422716,0.2502996361287818,1,1
0.1309401546089733,0.0777443777584193,0.5299168796251197,-2.645073660718108,0.7404416185932152,1.212439906748846,0.3973406604140483,0.0399857631395805,-0.3573548972744678,0,0
0.1244850619526701,0.0758630577447622,0.5490377809977511,-2.3687752325668634,0.054658591728074,2.0621447457327635,0.4011843793052815,0.1293662808271412,-0.2718180984781403,0,0
0.0955641837658884,0.1110508149113468,0.4409151576479955,1.860481530342464,-0.3433697992815446,-0.8105980616064026,0.3996405002218164,0.6503338922695563,0.2506933920477399,1,1
0.1387693725947561,0.1469745204000065,0.3287250371350925,1.220707804254999,-0.2473370883692574,-0.6675360748200991,0.4010949935980949,0.0511453075860286,-0.3499496860120662,0,0
0.0714402918192384,0.1173766725145292,0.3712051192405048,-0.8889169016935814,-1.2393320793508158,1.9401812568233,0.4008816266120692,0.0395562215448005,-0.3613254050672687,0,0
0.0552440314894301,0.0705771614395119,0.5665416726766445,3.0332572123469803,-0.4826409621024496,-2.00474289501216,0.3971965137691513,0.5958106435500483,0.198614129780897,1,1
0.0797866591234557,0.1855283266253706,0.5031619220598146,2.1053076657469925,-0.466888189718151,-0.6665523801895075,0.3972742991786626,0.0399817755310577,-0.3572925236476049,0,0
0.0539193422486481,0.1867983348636147,0.4335056229814169,-2.009233430136817,-1.1592312008563508,-3.016742733118598,0.3958643937788847,0.0399876549879185,-0.3558767387909662,0,0
0.033315672582639,0.1372089831514039,0.4819233713833195,2.14642524860242,0.3978063754982306,0.0080929612284434,0.4004256729033414,0.038993885227773,-0.3614317876755684,0,0
0.0137704631936839,0.1490053002934368,0.2287453569422129,-0.7164983297746771,0.053557406818417,3.110829182721707,0.4004512589573668,0.0391866341118693,-0.3612646248454975,0,0
1.0952298463519919e-17,0.1621448866685256,0.5668473298485062,2.737014143617439,-0.6759370442766494,-0.9705947511245266,0.3998238427125364,0.0399695697032312,-0.3598542730093051,0,0
-0.0145841642185385,0.1371438541251332,0.2049140031734981,-0.5612295219903393,0.2672183179874112,-2.6380061810732647,0.4017723472946085,0.0398759767799997,-0.3618963705146087,0,0
-0.0304075718198019,0.1237796561754267,0.2087875761401253,0.4286098790438205,-0.41570389448909,0.9646698234383037,0.4013408084374854,0.0395988386137877,-0.3617419698236976,0,0
-0.0430633443434242,0.1519932630139659,0.5311406936478421,-2.7486057692699224,0.8073189839127419,2.3678344033084837,0.3993599024044678,0.0399710322830479,-0.3593888701214199,0,0
-0.0696103433333062,0.1536480025934934,0.4262298992383612,1.7290427250986131,0.2239032339844865,0.4608060976438006,0.4027766174924268,0.4612680823504906,0.0584914648580638,2,2
-0.0613537373040057,0.1184376715299505,0.5227629919502494,-2.317265257111621,-0.0738466757539812,-2.5954867808046544,0.4023052583904314,0.6390414401178136,0.2367361817273821,1,0
0.1529400307726944,-0.0224401711483376,0.2879354923155165,0.8994496479689446,0.3374790533882855,-1.9737045467568608,0.4010559243453437,0.039970782151313,-0.3610851421940306,0,0
0.1473458775315956,0.0820933065513676,0.3080207076925446,1.065145048458428,-0.1524669066514485,-0.9785913395444172,0.3987585269752655,0.6425274859193711,0.2437689589441056,1,1
0.0493886604903212,0.1573739319969292,0.3441308702486283,1.1426913066926447,0.6875936852117287,-0.5860057357235939,0.3834735115553322,0.0399839496633114,-0.3434895618920208,0,0
-0.0580499673384396,0.1551408588605525,0.4414718314332429,1.865821780905873,-0.5821598257246412,0.1924876123358488,0.3819149275120274,0.3819149275120274,0.0,0,0
